Dates,CMonetary Base
30/01/2003,18.459
31/01/2003,18.584
03/02/2003,18.605
04/02/2003,18.688
05/02/2003,18.731
06/02/2003,18.810
07/02/2003,18.951
10/02/2003,19.070
11/02/2003,18.983
12/02/2003,18.882
13/02/2003,18.872
14/02/2003,18.873
17/02/2003,18.882
18/02/2003,18.843
19/02/2003,18.812
20/02/2003,18.791
21/02/2003,18.805
24/02/2003,18.797
25/02/2003,18.741
26/02/2003,18.699
27/02/2003,18.748
28/02/2003,18.887
03/03/2003,19.021
04/03/2003,19.091
05/03/2003,19.137
06/03/2003,19.301
07/03/2003,19.449
10/03/2003,19.546
11/03/2003,19.504
12/03/2003,19.432
13/03/2003,19.397
14/03/2003,19.391
17/03/2003,19.358
18/03/2003,19.281
19/03/2003,19.180
20/03/2003,19.207
21/03/2003,19.216
24/03/2003,19.200
25/03/2003,19.106
26/03/2003,19.099
27/03/2003,19.217
28/03/2003,19.417
01/04/2003,19.537
02/04/2003,19.575
03/04/2003,19.748
04/04/2003,19.816
07/04/2003,19.957
08/04/2003,20.030
09/04/2003,20.053
10/04/2003,20.081
11/04/2003,20.114
14/04/2003,20.174
15/04/2003,20.243
16/04/2003,20.224
21/04/2003,20.174
22/04/2003,19.993
23/04/2003,19.829
24/04/2003,19.733
25/04/2003,19.698
28/04/2003,19.711
29/04/2003,19.735
30/04/2003,19.845
02/05/2003,20.049
05/05/2003,20.258
06/05/2003,20.273
07/05/2003,20.305
08/05/2003,20.471
09/05/2003,20.620
12/05/2003,20.656
13/05/2003,20.557
14/05/2003,20.464
15/05/2003,20.471
16/05/2003,20.489
19/05/2003,20.495
20/05/2003,20.438
21/05/2003,20.424
22/05/2003,20.436
23/05/2003,20.455
26/05/2003,20.436
27/05/2003,20.406
28/05/2003,20.439
29/05/2003,20.514
30/05/2003,20.727
02/06/2003,20.905
03/06/2003,21.039
04/06/2003,21.156
05/06/2003,21.349
06/06/2003,21.557
09/06/2003,21.704
10/06/2003,21.773
11/06/2003,21.755
12/06/2003,21.765
13/06/2003,21.825
17/06/2003,21.868
18/06/2003,21.777
19/06/2003,21.752
20/06/2003,21.759
23/06/2003,21.781
24/06/2003,21.741
25/06/2003,21.745
26/06/2003,21.837
27/06/2003,21.987
30/06/2003,22.246
01/07/2003,22.465
02/07/2003,22.728
03/07/2003,23.008
04/07/2003,23.257
07/07/2003,23.571
08/07/2003,23.784
10/07/2003,23.912
11/07/2003,23.930
14/07/2003,23.897
15/07/2003,23.810
16/07/2003,23.738
17/07/2003,23.788
18/07/2003,23.888
21/07/2003,23.898
22/07/2003,23.829
23/07/2003,23.749
24/07/2003,23.728
25/07/2003,23.713
28/07/2003,23.725
29/07/2003,23.727
30/07/2003,23.808
31/07/2003,24.012
01/08/2003,24.242
04/08/2003,24.467
05/08/2003,24.598
06/08/2003,24.670
07/08/2003,24.867
08/08/2003,25.039
11/08/2003,25.102
12/08/2003,25.005
13/08/2003,24.885
14/08/2003,24.862
15/08/2003,24.836
19/08/2003,24.786
20/08/2003,24.635
21/08/2003,24.598
22/08/2003,24.539
25/08/2003,24.552
26/08/2003,24.456
27/08/2003,24.494
28/08/2003,24.641
29/08/2003,24.873
01/09/2003,25.079
02/09/2003,25.234
03/09/2003,25.425
04/09/2003,25.633
05/09/2003,25.886
08/09/2003,26.065
09/09/2003,26.066
10/09/2003,25.982
11/09/2003,25.930
12/09/2003,25.896
15/09/2003,25.833
16/09/2003,25.694
17/09/2003,25.546
18/09/2003,25.505
19/09/2003,25.485
22/09/2003,25.421
23/09/2003,25.270
24/09/2003,25.149
25/09/2003,25.094
26/09/2003,25.159
29/09/2003,25.268
30/09/2003,25.320
01/10/2003,25.442
02/10/2003,25.685
03/10/2003,25.927
06/10/2003,26.109
07/10/2003,26.151
08/10/2003,26.141
09/10/2003,26.239
10/10/2003,26.332
14/10/2003,26.288
15/10/2003,26.037
16/10/2003,25.866
17/10/2003,25.766
20/10/2003,25.748
21/10/2003,25.565
22/10/2003,25.438
23/10/2003,25.379
24/10/2003,25.346
27/10/2003,25.309
28/10/2003,25.263
29/10/2003,25.312
30/10/2003,25.479
31/10/2003,25.682
03/11/2003,26.001
04/11/2003,26.202
05/11/2003,26.478
07/11/2003,26.599
10/11/2003,26.708
11/11/2003,26.573
12/11/2003,26.412
13/11/2003,26.355
14/11/2003,26.340
17/11/2003,26.308
18/11/2003,26.219
19/11/2003,26.138
20/11/2003,26.137
21/11/2003,26.165
24/11/2003,26.217
25/11/2003,26.226
26/11/2003,26.301
27/11/2003,26.436
28/11/2003,26.691
01/12/2003,26.964
02/12/2003,27.185
03/12/2003,27.425
04/12/2003,27.685
05/12/2003,27.992
09/12/2003,28.237
10/12/2003,28.180
11/12/2003,28.173
12/12/2003,28.206
15/12/2003,28.262
16/12/2003,28.230
17/12/2003,28.262
18/12/2003,28.479
19/12/2003,28.842
22/12/2003,29.317
23/12/2003,29.685
24/12/2003,29.864
26/12/2003,30.124
29/12/2003,30.252
30/12/2003,30.349
31/12/2003,30.316
02/01/2004,30.367
05/01/2004,30.323
06/01/2004,30.210
07/01/2004,30.079
08/01/2004,30.032
09/01/2004,29.944
12/01/2004,29.837
13/01/2004,29.576
14/01/2004,29.310
15/01/2004,29.159
16/01/2004,28.972
19/01/2004,28.867
20/01/2004,28.629
21/01/2004,28.444
22/01/2004,28.299
23/01/2004,28.225
26/01/2004,28.206
27/01/2004,28.063
28/01/2004,28.110
29/01/2004,28.289
30/01/2004,28.546
02/02/2004,28.800
03/02/2004,28.903
04/02/2004,29.024
05/02/2004,29.293
06/02/2004,29.500
09/02/2004,29.657
10/02/2004,29.507
11/02/2004,29.371
12/02/2004,29.238
13/02/2004,29.129
16/02/2004,29.046
17/02/2004,28.793
18/02/2004,28.613
19/02/2004,28.557
20/02/2004,28.469
23/02/2004,28.480
24/02/2004,28.411
25/02/2004,28.429
26/02/2004,28.645
27/02/2004,28.835
01/03/2004,29.090
02/03/2004,29.255
03/03/2004,29.413
04/03/2004,29.674
05/03/2004,29.900
08/03/2004,30.023
09/03/2004,29.961
10/03/2004,29.813
11/03/2004,29.744
12/03/2004,29.619
15/03/2004,29.514
16/03/2004,29.423
17/03/2004,29.214
18/03/2004,29.014
19/03/2004,28.904
22/03/2004,28.844
23/03/2004,28.715
24/03/2004,28.604
25/03/2004,28.567
26/03/2004,28.641
29/03/2004,28.816
30/03/2004,29.045
31/03/2004,29.282
01/04/2004,29.551
02/04/2004,30.007
06/04/2004,30.504
07/04/2004,30.589
12/04/2004,30.383
13/04/2004,29.946
14/04/2004,29.662
15/04/2004,29.506
16/04/2004,29.326
19/04/2004,29.198
20/04/2004,28.995
21/04/2004,28.844
22/04/2004,28.768
23/04/2004,28.718
26/04/2004,28.778
27/04/2004,28.777
28/04/2004,28.869
29/04/2004,29.249
30/04/2004,29.296
03/05/2004,29.629
04/05/2004,29.832
05/05/2004,30.177
06/05/2004,30.273
07/05/2004,30.516
10/05/2004,30.611
11/05/2004,30.504
12/05/2004,30.298
13/05/2004,30.177
14/05/2004,30.064
17/05/2004,29.956
18/05/2004,29.824
19/05/2004,29.746
20/05/2004,29.606
21/05/2004,29.568
24/05/2004,29.863
26/05/2004,29.856
27/05/2004,29.858
28/05/2004,29.990
31/05/2004,30.228
01/06/2004,30.303
02/06/2004,30.461
03/06/2004,30.827
04/06/2004,31.073
07/06/2004,31.216
08/06/2004,31.155
09/06/2004,31.020
10/06/2004,30.829
11/06/2004,30.801
14/06/2004,30.725
15/06/2004,30.684
16/06/2004,30.590
17/06/2004,30.597
18/06/2004,30.605
22/06/2004,30.526
23/06/2004,30.406
24/06/2004,30.400
25/06/2004,30.391
28/06/2004,30.658
29/06/2004,31.550
30/06/2004,31.606
01/07/2004,31.606
02/07/2004,31.853
05/07/2004,32.595
06/07/2004,32.835
07/07/2004,32.985
08/07/2004,33.176
12/07/2004,33.146
13/07/2004,32.800
14/07/2004,32.498
15/07/2004,32.327
16/07/2004,32.179
19/07/2004,32.016
20/07/2004,31.766
21/07/2004,31.588
22/07/2004,31.553
23/07/2004,31.450
26/07/2004,31.450
27/07/2004,31.498
28/07/2004,31.531
29/07/2004,31.762
30/07/2004,32.032
02/08/2004,32.291
03/08/2004,32.458
04/08/2004,32.578
05/08/2004,32.828
06/08/2004,33.006
09/08/2004,33.082
10/08/2004,32.877
11/08/2004,32.670
12/08/2004,32.513
13/08/2004,32.366
17/08/2004,32.185
18/08/2004,31.910
19/08/2004,31.649
20/08/2004,31.521
23/08/2004,31.454
24/08/2004,31.308
25/08/2004,31.256
26/08/2004,31.334
27/08/2004,31.490
30/08/2004,31.688
31/08/2004,31.839
01/09/2004,32.051
02/09/2004,32.407
03/09/2004,32.672
06/09/2004,32.871
07/09/2004,32.840
08/09/2004,32.803
09/09/2004,32.712
10/09/2004,32.576
13/09/2004,32.411
14/09/2004,32.143
15/09/2004,31.919
16/09/2004,31.801
17/09/2004,31.708
20/09/2004,31.651
21/09/2004,31.360
22/09/2004,31.291
23/09/2004,31.392
24/09/2004,31.274
27/09/2004,31.348
28/09/2004,31.527
29/09/2004,31.606
30/09/2004,31.855
01/10/2004,32.114
04/10/2004,32.497
05/10/2004,32.724
06/10/2004,32.760
07/10/2004,33.015
08/10/2004,33.082
12/10/2004,32.989
13/10/2004,32.518
14/10/2004,32.403
15/10/2004,32.058
18/10/2004,31.878
19/10/2004,31.783
20/10/2004,31.383
21/10/2004,31.412
22/10/2004,31.285
25/10/2004,31.331
26/10/2004,31.410
27/10/2004,31.378
28/10/2004,31.728
29/10/2004,31.946
01/11/2004,32.312
02/11/2004,32.563
03/11/2004,32.726
04/11/2004,33.070
05/11/2004,33.155
08/11/2004,33.258
09/11/2004,33.179
10/11/2004,32.825
11/11/2004,32.763
12/11/2004,32.558
15/11/2004,32.379
16/11/2004,32.305
17/11/2004,31.912
18/11/2004,31.901
19/11/2004,31.845
22/11/2004,31.913
23/11/2004,31.936
24/11/2004,31.810
25/11/2004,31.977
26/11/2004,32.171
29/11/2004,32.500
30/11/2004,32.747
01/12/2004,33.111
02/12/2004,33.528
03/12/2004,34.061
06/12/2004,34.500
07/12/2004,34.915
09/12/2004,35.123
10/12/2004,35.218
13/12/2004,35.372
14/12/2004,35.469
15/12/2004,35.343
16/12/2004,35.565
17/12/2004,35.835
20/12/2004,36.291
21/12/2004,36.709
22/12/2004,37.092
23/12/2004,37.367
24/12/2004,37.467
27/12/2004,37.558
28/12/2004,37.547
29/12/2004,37.571
30/12/2004,37.634
31/12/2004,37.624
03/01/2005,37.658
04/01/2005,37.601
05/01/2005,37.476
06/01/2005,37.428
07/01/2005,37.376
10/01/2005,37.316
11/01/2005,37.152
12/01/2005,36.789
13/01/2005,36.575
14/01/2005,36.300
17/01/2005,36.094
18/01/2005,35.893
19/01/2005,35.649
20/01/2005,35.531
21/01/2005,35.400
24/01/2005,35.387
25/01/2005,35.387
26/01/2005,35.342
27/01/2005,35.405
28/01/2005,35.487
31/01/2005,35.678
01/02/2005,35.808
02/02/2005,35.961
03/02/2005,36.192
04/02/2005,36.394
07/02/2005,36.535
08/02/2005,36.427
09/02/2005,36.274
10/02/2005,36.170
11/02/2005,36.067
14/02/2005,35.887
15/02/2005,35.671
16/02/2005,35.413
17/02/2005,35.320
18/02/2005,35.217
21/02/2005,35.219
22/02/2005,35.182
23/02/2005,35.191
24/02/2005,35.324
25/02/2005,35.489
28/02/2005,35.737
01/03/2005,36.035
02/03/2005,36.226
03/03/2005,36.608
04/03/2005,36.703
07/03/2005,36.866
08/03/2005,36.879
09/03/2005,36.652
10/03/2005,36.674
11/03/2005,36.507
14/03/2005,36.394
15/03/2005,36.344
16/03/2005,36.011
17/03/2005,36.003
18/03/2005,35.827
21/03/2005,35.911
22/03/2005,36.028
23/03/2005,35.958
28/03/2005,36.025
29/03/2005,36.101
30/03/2005,35.991
31/03/2005,36.184
01/04/2005,36.336
04/04/2005,36.603
05/04/2005,36.835
06/04/2005,36.914
07/04/2005,37.171
08/04/2005,37.540
11/04/2005,37.518
12/04/2005,37.390
13/04/2005,36.870
14/04/2005,36.806
15/04/2005,36.526
18/04/2005,36.401
19/04/2005,36.300
20/04/2005,36.010
21/04/2005,36.037
22/04/2005,35.945
25/04/2005,35.983
26/04/2005,36.135
27/04/2005,36.142
28/04/2005,36.421
29/04/2005,36.668
02/05/2005,36.980
03/05/2005,37.245
04/05/2005,37.362
05/05/2005,37.645
06/05/2005,37.838
09/05/2005,37.949
10/05/2005,37.978
11/05/2005,37.612
12/05/2005,37.645
13/05/2005,37.393
16/05/2005,37.317
17/05/2005,37.234
18/05/2005,36.943
19/05/2005,37.028
20/05/2005,36.917
23/05/2005,36.975
24/05/2005,37.219
26/05/2005,37.362
27/05/2005,37.342
30/05/2005,37.533
31/05/2005,37.793
01/06/2005,37.898
02/06/2005,38.204
03/06/2005,38.507
06/06/2005,38.705
07/06/2005,38.802
08/06/2005,38.754
09/06/2005,38.854
10/06/2005,38.821
13/06/2005,38.766
14/06/2005,38.676
15/06/2005,38.425
16/06/2005,38.493
17/06/2005,38.489
21/06/2005,38.583
22/06/2005,38.466
23/06/2005,38.578
24/06/2005,38.543
27/06/2005,38.741
28/06/2005,39.003
29/06/2005,39.205
30/06/2005,39.636
01/07/2005,40.055
04/07/2005,40.469
05/07/2005,40.754
06/07/2005,40.945
07/07/2005,41.347
08/07/2005,41.508
11/07/2005,41.569
12/07/2005,41.468
13/07/2005,41.129
14/07/2005,41.085
15/07/2005,40.855
18/07/2005,40.754
19/07/2005,40.597
20/07/2005,40.229
21/07/2005,40.260
22/07/2005,40.120
25/07/2005,40.154
26/07/2005,40.327
27/07/2005,40.305
28/07/2005,40.560
29/07/2005,40.808
01/08/2005,41.158
02/08/2005,41.359
03/08/2005,41.468
04/08/2005,41.720
05/08/2005,41.841
08/08/2005,41.904
09/08/2005,41.881
10/08/2005,41.514
11/08/2005,41.587
12/08/2005,41.435
16/08/2005,41.350
17/08/2005,41.020
18/08/2005,40.833
19/08/2005,40.615
22/08/2005,40.539
23/08/2005,40.404
24/08/2005,40.289
25/08/2005,40.334
26/08/2005,40.471
29/08/2005,40.730
30/08/2005,40.877
31/08/2005,41.129
01/09/2005,41.457
02/09/2005,41.827
05/09/2005,42.085
06/09/2005,42.165
07/09/2005,42.192
08/09/2005,42.239
09/09/2005,42.176
12/09/2005,42.092
13/09/2005,41.770
14/09/2005,41.541
15/09/2005,41.387
16/09/2005,41.255
19/09/2005,41.184
20/09/2005,40.967
21/09/2005,40.815
22/09/2005,40.780
23/09/2005,40.799
26/09/2005,40.943
27/09/2005,40.978
28/09/2005,41.130
29/09/2005,41.435
30/09/2005,41.732
03/10/2005,42.199
04/10/2005,42.320
05/10/2005,42.512
06/10/2005,42.901
07/10/2005,43.144
11/10/2005,43.143
12/10/2005,42.858
13/10/2005,42.634
14/10/2005,42.481
17/10/2005,42.446
18/10/2005,42.147
19/10/2005,41.939
20/10/2005,41.833
21/10/2005,41.849
24/10/2005,41.895
25/10/2005,41.873
26/10/2005,41.934
27/10/2005,42.193
28/10/2005,42.560
31/10/2005,42.873
01/11/2005,43.103
02/11/2005,43.356
03/11/2005,43.706
04/11/2005,43.923
07/11/2005,44.018
08/11/2005,43.879
09/11/2005,43.712
10/11/2005,43.629
11/11/2005,43.532
14/11/2005,43.491
15/11/2005,43.134
16/11/2005,42.939
17/11/2005,42.812
18/11/2005,42.739
21/11/2005,42.721
22/11/2005,42.560
23/11/2005,42.491
24/11/2005,42.541
25/11/2005,42.695
28/11/2005,42.977
29/11/2005,43.133
30/11/2005,43.337
01/12/2005,43.756
02/12/2005,44.268
05/12/2005,44.794
06/12/2005,45.026
07/12/2005,45.289
09/12/2005,45.473
12/12/2005,45.639
13/12/2005,45.430
14/12/2005,45.288
15/12/2005,45.347
16/12/2005,45.496
19/12/2005,45.747
20/12/2005,45.921
21/12/2005,46.321
22/12/2005,46.849
23/12/2005,47.289
26/12/2005,47.552
27/12/2005,47.708
28/12/2005,47.859
29/12/2005,48.173
30/12/2005,48.337
31/12/2005,48.337
02/01/2006,48.437
03/01/2006,48.366
04/01/2006,48.338
05/01/2006,48.316
06/01/2006,48.329
09/01/2006,48.328
10/01/2006,48.033
11/01/2006,47.773
12/01/2006,47.540
13/01/2006,47.333
16/01/2006,47.200
17/01/2006,46.828
18/01/2006,46.524
19/01/2006,46.347
20/01/2006,46.216
23/01/2006,46.171
24/01/2006,46.026
25/01/2006,45.897
26/01/2006,45.960
27/01/2006,46.095
30/01/2006,46.364
31/01/2006,46.527
01/02/2006,46.678
02/02/2006,47.020
03/02/2006,47.302
06/02/2006,47.450
07/02/2006,47.389
08/02/2006,47.290
09/02/2006,47.321
10/02/2006,47.185
13/02/2006,46.993
14/02/2006,46.686
15/02/2006,46.367
16/02/2006,46.207
17/02/2006,46.130
20/02/2006,46.068
21/02/2006,45.851
22/02/2006,45.721
23/02/2006,45.864
24/02/2006,46.098
27/02/2006,46.400
28/02/2006,46.558
01/03/2006,46.723
02/03/2006,47.027
03/03/2006,47.335
06/03/2006,47.490
07/03/2006,47.484
08/03/2006,47.381
09/03/2006,47.310
10/03/2006,47.240
13/03/2006,47.127
14/03/2006,46.665
15/03/2006,46.380
16/03/2006,46.263
17/03/2006,46.097
20/03/2006,46.025
21/03/2006,45.845
22/03/2006,45.825
23/03/2006,45.889
27/03/2006,46.004
28/03/2006,45.941
29/03/2006,45.946
30/03/2006,46.246
31/03/2006,46.608
03/04/2006,47.039
04/04/2006,47.292
05/04/2006,47.500
06/04/2006,47.712
07/04/2006,47.985
10/04/2006,48.227
11/04/2006,48.282
12/04/2006,48.118
17/04/2006,47.883
18/04/2006,47.266
19/04/2006,46.648
20/04/2006,46.389
21/04/2006,46.322
24/04/2006,46.400
25/04/2006,46.335
26/04/2006,46.486
27/04/2006,46.855
28/04/2006,47.201
02/05/2006,47.554
03/05/2006,47.800
04/05/2006,48.014
05/05/2006,48.134
08/05/2006,48.273
09/05/2006,48.099
10/05/2006,47.885
11/05/2006,47.791
12/05/2006,47.654
15/05/2006,47.571
16/05/2006,47.232
17/05/2006,47.002
18/05/2006,46.924
19/05/2006,46.873
22/05/2006,46.914
23/05/2006,46.861
24/05/2006,46.925
26/05/2006,47.094
29/05/2006,47.359
30/05/2006,47.433
31/05/2006,47.682
01/06/2006,48.048
02/06/2006,48.419
05/06/2006,48.896
06/06/2006,48.884
07/06/2006,48.817
08/06/2006,48.919
09/06/2006,48.931
12/06/2006,48.911
13/06/2006,48.628
14/06/2006,48.404
15/06/2006,48.393
16/06/2006,48.363
20/06/2006,48.349
21/06/2006,48.223
22/06/2006,48.186
23/06/2006,48.156
26/06/2006,48.399
27/06/2006,48.626
28/06/2006,48.954
29/06/2006,49.503
30/06/2006,49.837
03/07/2006,50.310
04/07/2006,50.369
05/07/2006,50.906
06/07/2006,51.253
07/07/2006,51.598
10/07/2006,51.733
11/07/2006,51.518
12/07/2006,51.243
13/07/2006,51.082
14/07/2006,50.945
17/07/2006,50.889
18/07/2006,50.639
19/07/2006,50.319
20/07/2006,50.279
21/07/2006,50.242
24/07/2006,50.291
25/07/2006,50.212
26/07/2006,50.224
27/07/2006,50.375
28/07/2006,50.638
31/07/2006,51.005
01/08/2006,51.267
02/08/2006,51.443
03/08/2006,51.736
04/08/2006,51.949
07/08/2006,52.044
08/08/2006,51.909
09/08/2006,51.639
10/08/2006,51.541
11/08/2006,51.373
14/08/2006,51.233
15/08/2006,50.855
16/08/2006,50.461
17/08/2006,50.359
18/08/2006,50.319
22/08/2006,50.213
23/08/2006,49.935
24/08/2006,49.795
25/08/2006,49.775
28/08/2006,49.885
29/08/2006,49.931
30/08/2006,50.104
31/08/2006,50.580
01/09/2006,51.006
04/09/2006,51.336
05/09/2006,51.459
06/09/2006,51.554
07/09/2006,51.820
08/09/2006,51.978
11/09/2006,51.902
12/09/2006,51.456
13/09/2006,51.044
14/09/2006,50.878
15/09/2006,50.754
18/09/2006,50.592
19/09/2006,50.316
20/09/2006,50.043
21/09/2006,50.004
22/09/2006,50.063
25/09/2006,50.156
26/09/2006,50.095
27/09/2006,50.215
28/09/2006,50.640
29/09/2006,51.053
02/10/2006,51.539
03/10/2006,51.725
04/10/2006,51.931
05/10/2006,52.320
06/10/2006,52.636
09/10/2006,52.708
10/10/2006,52.506
11/10/2006,52.246
12/10/2006,52.212
13/10/2006,52.072
17/10/2006,51.797
18/10/2006,51.383
19/10/2006,51.058
20/10/2006,50.893
23/10/2006,50.860
24/10/2006,50.650
25/10/2006,50.572
26/10/2006,50.730
27/10/2006,50.994
30/10/2006,51.458
31/10/2006,51.639
01/11/2006,52.048
02/11/2006,52.695
03/11/2006,53.160
07/11/2006,53.212
08/11/2006,53.005
09/11/2006,52.902
10/11/2006,52.765
13/11/2006,52.627
14/11/2006,52.191
15/11/2006,51.844
16/11/2006,51.738
17/11/2006,51.726
20/11/2006,51.681
21/11/2006,51.449
22/11/2006,51.348
23/11/2006,51.420
24/11/2006,51.537
27/11/2006,51.735
28/11/2006,51.865
29/11/2006,52.188
30/11/2006,52.778
01/12/2006,53.489
04/12/2006,54.108
05/12/2006,54.335
06/12/2006,54.892
07/12/2006,55.390
11/12/2006,55.535
12/12/2006,55.250
13/12/2006,55.062
14/12/2006,55.134
15/12/2006,55.377
18/12/2006,55.688
19/12/2006,55.842
20/12/2006,56.158
21/12/2006,56.977
22/12/2006,57.717
26/12/2006,58.078
27/12/2006,58.253
28/12/2006,58.882
29/12/2006,59.222
02/01/2007,59.291
03/01/2007,59.127
04/01/2007,59.078
05/01/2007,59.069
08/01/2007,59.005
09/01/2007,58.697
10/01/2007,58.360
11/01/2007,58.144
12/01/2007,57.931
15/01/2007,57.694
16/01/2007,57.314
17/01/2007,56.928
18/01/2007,56.743
19/01/2007,56.610
22/01/2007,56.557
23/01/2007,56.307
24/01/2007,56.110
25/01/2007,56.115
26/01/2007,56.206
29/01/2007,56.457
30/01/2007,56.627
31/01/2007,56.818
01/02/2007,57.386
02/02/2007,57.816
05/02/2007,58.076
06/02/2007,58.065
07/02/2007,58.061
08/02/2007,58.211
09/02/2007,58.257
12/02/2007,58.150
13/02/2007,57.737
14/02/2007,57.325
15/02/2007,57.104
16/02/2007,56.973
19/02/2007,56.818
20/02/2007,56.553
21/02/2007,56.313
22/02/2007,56.343
23/02/2007,56.421
26/02/2007,56.677
27/02/2007,56.920
28/02/2007,57.192
01/03/2007,57.715
02/03/2007,58.149
05/03/2007,58.625
06/03/2007,58.755
07/03/2007,58.943
08/03/2007,59.191
09/03/2007,59.142
12/03/2007,58.959
13/03/2007,58.537
14/03/2007,58.168
15/03/2007,57.897
16/03/2007,57.720
19/03/2007,57.543
20/03/2007,57.223
21/03/2007,57.036
22/03/2007,57.021
23/03/2007,57.100
26/03/2007,57.358
27/03/2007,57.591
28/03/2007,57.930
29/03/2007,58.700
30/03/2007,59.340
03/04/2007,60.003
04/04/2007,60.364
09/04/2007,60.276
10/04/2007,59.763
11/04/2007,59.260
12/04/2007,59.052
13/04/2007,58.867
16/04/2007,58.726
17/04/2007,58.282
18/04/2007,57.949
19/04/2007,57.838
20/04/2007,57.759
23/04/2007,57.784
24/04/2007,57.655
25/04/2007,57.664
26/04/2007,57.979
27/04/2007,58.532
30/04/2007,59.070
02/05/2007,59.431
03/05/2007,59.809
04/05/2007,60.129
07/05/2007,60.336
08/05/2007,60.252
09/05/2007,60.104
10/05/2007,60.115
11/05/2007,59.936
14/05/2007,59.774
15/05/2007,59.358
16/05/2007,59.010
17/05/2007,58.894
18/05/2007,58.849
21/05/2007,58.870
22/05/2007,58.761
23/05/2007,58.812
24/05/2007,58.956
28/05/2007,59.152
29/05/2007,59.230
30/05/2007,59.436
31/05/2007,59.894
01/06/2007,60.397
04/06/2007,60.854
05/06/2007,61.117
06/06/2007,61.384
07/06/2007,61.806
08/06/2007,62.116
11/06/2007,62.257
12/06/2007,61.723
13/06/2007,61.521
14/06/2007,61.492
15/06/2007,61.507
19/06/2007,61.354
20/06/2007,61.112
21/06/2007,60.924
22/06/2007,60.938
25/06/2007,61.189
26/06/2007,61.355
27/06/2007,61.761
28/06/2007,62.365
29/06/2007,62.997
02/07/2007,63.936
03/07/2007,64.300
04/07/2007,65.026
05/07/2007,65.554
06/07/2007,66.046
10/07/2007,66.229
11/07/2007,65.930
12/07/2007,65.649
13/07/2007,65.443
16/07/2007,65.315
17/07/2007,64.888
18/07/2007,64.554
19/07/2007,64.416
20/07/2007,64.377
23/07/2007,64.431
24/07/2007,64.300
25/07/2007,64.195
26/07/2007,64.454
27/07/2007,64.702
30/07/2007,65.059
31/07/2007,65.151
01/08/2007,65.437
02/08/2007,65.825
03/08/2007,66.220
06/08/2007,66.391
07/08/2007,66.267
08/08/2007,66.204
09/08/2007,66.232
10/08/2007,66.197
13/08/2007,65.997
14/08/2007,65.449
15/08/2007,65.020
16/08/2007,64.934
17/08/2007,64.911
21/08/2007,64.696
22/08/2007,64.347
23/08/2007,64.187
24/08/2007,64.113
27/08/2007,64.197
28/08/2007,64.063
29/08/2007,64.104
30/08/2007,64.485
31/08/2007,64.864
03/09/2007,65.301
04/09/2007,65.426
05/09/2007,65.556
06/09/2007,65.956
07/09/2007,66.259
10/09/2007,66.237
11/09/2007,65.797
12/09/2007,65.375
13/09/2007,65.081
14/09/2007,64.896
17/09/2007,64.654
18/09/2007,64.156
19/09/2007,63.782
20/09/2007,63.685
21/09/2007,63.737
24/09/2007,63.751
25/09/2007,63.651
26/09/2007,63.830
27/09/2007,64.318
28/09/2007,64.755
01/10/2007,65.209
02/10/2007,65.414
03/10/2007,65.675
04/10/2007,66.179
05/10/2007,66.598
08/10/2007,66.693
09/10/2007,66.409
10/10/2007,66.103
11/10/2007,66.205
12/10/2007,66.120
16/10/2007,65.802
17/10/2007,65.270
18/10/2007,64.894
19/10/2007,64.725
22/10/2007,64.662
23/10/2007,64.391
24/10/2007,64.234
25/10/2007,64.291
26/10/2007,64.464
29/10/2007,64.667
30/10/2007,64.787
31/10/2007,64.986
01/11/2007,65.560
02/11/2007,66.187
05/11/2007,66.759
07/11/2007,66.733
08/11/2007,66.785
09/11/2007,66.848
12/11/2007,66.700
13/11/2007,66.247
14/11/2007,65.784
15/11/2007,65.522
16/11/2007,65.317
19/11/2007,65.140
20/11/2007,64.781
21/11/2007,64.569
22/11/2007,64.626
23/11/2007,64.744
26/11/2007,64.909
27/11/2007,64.883
28/11/2007,65.040
29/11/2007,65.612
30/11/2007,66.148
03/12/2007,66.772
04/12/2007,67.207
05/12/2007,67.676
06/12/2007,68.340
07/12/2007,69.167
10/12/2007,69.375
11/12/2007,69.210
12/12/2007,69.024
13/12/2007,69.242
14/12/2007,69.401
17/12/2007,69.645
18/12/2007,69.844
19/12/2007,70.315
20/12/2007,71.488
21/12/2007,72.905
26/12/2007,73.667
27/12/2007,74.335
28/12/2007,74.804
02/01/2008,74.753
03/01/2008,74.419
04/01/2008,74.138
07/01/2008,74.036
08/01/2008,73.613
09/01/2008,73.266
10/01/2008,73.103
11/01/2008,72.792
14/01/2008,72.494
15/01/2008,71.860
16/01/2008,71.292
17/01/2008,71.047
18/01/2008,70.806
21/01/2008,70.589
22/01/2008,70.227
23/01/2008,69.844
24/01/2008,69.797
25/01/2008,69.805
28/01/2008,69.967
29/01/2008,70.033
30/01/2008,70.232
31/01/2008,70.804
01/02/2008,71.329
04/02/2008,71.783
05/02/2008,71.898
06/02/2008,71.983
07/02/2008,72.380
08/02/2008,72.589
11/02/2008,72.456
12/02/2008,71.882
13/02/2008,71.272
14/02/2008,70.970
15/02/2008,70.712
18/02/2008,70.487
19/02/2008,70.020
20/02/2008,69.691
21/02/2008,69.626
22/02/2008,69.674
25/02/2008,69.731
26/02/2008,69.679
27/02/2008,69.856
28/02/2008,70.507
29/02/2008,71.170
03/03/2008,71.660
04/03/2008,71.775
05/03/2008,72.050
06/03/2008,72.518
07/03/2008,72.793
10/03/2008,72.869
11/03/2008,72.572
12/03/2008,72.179
13/03/2008,72.054
14/03/2008,72.004
17/03/2008,72.313
18/03/2008,72.562
19/03/2008,72.556
25/03/2008,72.241
26/03/2008,71.592
27/03/2008,71.391
28/03/2008,71.513
31/03/2008,71.990
01/04/2008,72.399
03/04/2008,72.922
04/04/2008,73.132
07/04/2008,73.289
08/04/2008,73.120
09/04/2008,72.909
10/04/2008,72.881
11/04/2008,72.749
14/04/2008,72.497
15/04/2008,71.933
16/04/2008,71.407
17/04/2008,71.277
18/04/2008,71.171
21/04/2008,71.075
22/04/2008,70.751
23/04/2008,70.570
24/04/2008,70.670
25/04/2008,70.878
28/04/2008,71.523
29/04/2008,71.940
30/04/2008,72.373
02/05/2008,73.022
05/05/2008,73.460
06/05/2008,73.440
07/05/2008,73.418
08/05/2008,73.685
09/05/2008,73.974
12/05/2008,74.007
13/05/2008,73.659
14/05/2008,73.186
15/05/2008,73.016
16/05/2008,72.804
19/05/2008,72.585
20/05/2008,72.076
21/05/2008,71.629
22/05/2008,71.517
23/05/2008,71.494
26/05/2008,71.481
27/05/2008,71.421
28/05/2008,71.600
29/05/2008,72.183
30/05/2008,72.713
02/06/2008,73.141
03/06/2008,73.295
04/06/2008,73.569
05/06/2008,74.157
06/06/2008,74.575
09/06/2008,74.732
10/06/2008,74.339
11/06/2008,73.963
12/06/2008,73.906
13/06/2008,73.906
17/06/2008,73.649
18/06/2008,73.225
19/06/2008,72.855
20/06/2008,72.567
23/06/2008,72.459
24/06/2008,72.220
25/06/2008,72.359
26/06/2008,72.924
27/06/2008,73.688
30/06/2008,74.329
01/07/2008,74.696
02/07/2008,75.165
03/07/2008,75.881
04/07/2008,76.406
07/07/2008,76.856
08/07/2008,76.967
10/07/2008,76.962
11/07/2008,76.647
14/07/2008,76.282
15/07/2008,75.685
16/07/2008,75.053
17/07/2008,74.647
18/07/2008,74.413
21/07/2008,74.254
22/07/2008,73.851
23/07/2008,73.591
24/07/2008,73.529
25/07/2008,73.576
28/07/2008,73.703
29/07/2008,73.736
30/07/2008,73.931
31/07/2008,74.527
01/08/2008,75.134
04/08/2008,75.544
05/08/2008,75.633
06/08/2008,75.773
07/08/2008,76.165
08/08/2008,76.429
11/08/2008,76.261
12/08/2008,75.633
13/08/2008,75.043
14/08/2008,74.790
15/08/2008,74.564
19/08/2008,74.180
20/08/2008,73.507
21/08/2008,73.027
22/08/2008,72.817
25/08/2008,72.726
26/08/2008,72.519
27/08/2008,72.629
28/08/2008,73.273
29/08/2008,73.895
01/09/2008,74.451
02/09/2008,74.702
03/09/2008,74.947
04/09/2008,75.574
05/09/2008,76.056
08/09/2008,76.208
09/09/2008,75.721
10/09/2008,75.313
11/09/2008,75.044
12/09/2008,74.792
15/09/2008,74.514
16/09/2008,73.836
17/09/2008,73.319
18/09/2008,73.091
19/09/2008,72.949
22/09/2008,72.853
23/09/2008,72.550
24/09/2008,72.375
25/09/2008,72.505
26/09/2008,72.862
29/09/2008,73.270
30/09/2008,73.385
01/10/2008,73.880
02/10/2008,74.758
03/10/2008,75.503
06/10/2008,76.012
07/10/2008,76.131
08/10/2008,76.286
09/10/2008,76.608
10/10/2008,76.696
14/10/2008,76.178
15/10/2008,75.245
16/10/2008,74.405
17/10/2008,73.909
20/10/2008,73.585
21/10/2008,73.003
22/10/2008,72.553
23/10/2008,72.457
24/10/2008,72.585
27/10/2008,72.609
28/10/2008,72.379
29/10/2008,72.583
30/10/2008,73.190
31/10/2008,73.715
03/11/2008,74.665
04/11/2008,75.576
05/11/2008,76.098
07/11/2008,76.494
10/11/2008,76.245
11/11/2008,75.614
12/11/2008,74.962
13/11/2008,74.634
14/11/2008,74.281
17/11/2008,74.006
18/11/2008,73.358
19/11/2008,72.941
20/11/2008,72.881
21/11/2008,72.989
24/11/2008,73.099
25/11/2008,72.968
26/11/2008,73.213
27/11/2008,73.969
28/11/2008,74.682
01/12/2008,75.486
02/12/2008,75.901
03/12/2008,76.736
04/12/2008,77.761
05/12/2008,79.036
09/12/2008,79.442
10/12/2008,79.349
11/12/2008,79.252
12/12/2008,78.995
15/12/2008,78.850
16/12/2008,78.627
17/12/2008,78.830
18/12/2008,79.507
19/12/2008,80.294
22/12/2008,81.661
23/12/2008,82.713
24/12/2008,83.276
26/12/2008,83.642
29/12/2008,83.930
30/12/2008,84.035
31/12/2008,84.086
02/01/2009,84.325
05/01/2009,84.150
06/01/2009,83.578
07/01/2009,83.308
08/01/2009,83.277
09/01/2009,83.136
12/01/2009,82.793
13/01/2009,81.897
14/01/2009,81.074
15/01/2009,80.586
16/01/2009,80.117
19/01/2009,79.719
20/01/2009,79.107
21/01/2009,78.663
22/01/2009,78.374
23/01/2009,78.212
26/01/2009,78.128
27/01/2009,77.905
28/01/2009,77.964
29/01/2009,78.507
30/01/2009,79.004
02/02/2009,79.734
03/02/2009,79.943
04/02/2009,80.245
05/02/2009,80.795
06/02/2009,81.095
09/02/2009,81.085
10/02/2009,80.664
11/02/2009,80.073
12/02/2009,79.644
13/02/2009,79.321
16/02/2009,78.940
17/02/2009,78.293
18/02/2009,77.781
19/02/2009,77.561
20/02/2009,77.460
23/02/2009,77.354
24/02/2009,77.175
25/02/2009,77.259
26/02/2009,77.775
27/02/2009,78.267
02/03/2009,78.627
03/03/2009,78.855
04/03/2009,78.973
05/03/2009,79.422
06/03/2009,79.667
09/03/2009,79.731
10/03/2009,79.191
11/03/2009,78.597
12/03/2009,78.162
13/03/2009,77.708
16/03/2009,77.246
17/03/2009,76.581
18/03/2009,75.930
19/03/2009,75.639
20/03/2009,75.516
23/03/2009,75.521
25/03/2009,75.310
26/03/2009,75.189
27/03/2009,75.276
30/03/2009,75.647
31/03/2009,75.965
01/04/2009,76.586
03/04/2009,77.194
06/04/2009,77.769
07/04/2009,78.474
08/04/2009,78.896
13/04/2009,78.362
14/04/2009,77.223
15/04/2009,76.336
16/04/2009,75.723
17/04/2009,75.305
20/04/2009,75.043
21/04/2009,74.565
22/04/2009,74.293
23/04/2009,74.420
24/04/2009,74.448
27/04/2009,74.677
28/04/2009,75.145
29/04/2009,75.807
30/04/2009,76.371
04/05/2009,77.020
05/05/2009,77.166
06/05/2009,77.398
07/05/2009,78.030
08/05/2009,78.351
11/05/2009,78.286
12/05/2009,77.703
13/05/2009,77.119
14/05/2009,76.946
15/05/2009,76.742
18/05/2009,76.529
19/05/2009,76.048
20/05/2009,75.684
21/05/2009,75.832
22/05/2009,75.924
26/05/2009,76.087
27/05/2009,76.233
28/05/2009,76.690
29/05/2009,77.259
01/06/2009,77.981
02/06/2009,78.298
03/06/2009,78.682
04/06/2009,79.551
05/06/2009,80.080
08/06/2009,80.317
09/06/2009,80.028
10/06/2009,79.716
11/06/2009,79.743
12/06/2009,79.825
16/06/2009,79.720
17/06/2009,79.195
18/06/2009,78.900
19/06/2009,78.879
22/06/2009,79.105
23/06/2009,78.950
24/06/2009,78.985
25/06/2009,79.350
26/06/2009,79.933
29/06/2009,80.511
30/06/2009,80.782
01/07/2009,81.290
02/07/2009,82.275
03/07/2009,83.236
06/07/2009,84.026
07/07/2009,84.916
08/07/2009,86.024
13/07/2009,85.688
14/07/2009,84.531
15/07/2009,83.509
16/07/2009,83.033
17/07/2009,82.490
20/07/2009,82.245
21/07/2009,81.623
22/07/2009,81.120
23/07/2009,81.068
24/07/2009,81.040
27/07/2009,81.152
28/07/2009,80.976
29/07/2009,81.149
30/07/2009,81.768
31/07/2009,82.184
03/08/2009,82.622
04/08/2009,82.726
05/08/2009,82.996
06/08/2009,83.695
07/08/2009,84.155
10/08/2009,84.089
11/08/2009,83.461
12/08/2009,82.877
13/08/2009,82.721
14/08/2009,82.567
18/08/2009,82.199
19/08/2009,81.420
20/08/2009,80.926
21/08/2009,80.641
24/08/2009,80.449
25/08/2009,80.087
26/08/2009,80.014
27/08/2009,80.453
28/08/2009,80.935
31/08/2009,81.355
01/09/2009,81.566
02/09/2009,81.949
03/09/2009,82.786
04/09/2009,83.325
07/09/2009,83.582
08/09/2009,83.372
09/09/2009,83.036
10/09/2009,82.883
11/09/2009,82.816
14/09/2009,82.583
15/09/2009,81.944
16/09/2009,81.375
17/09/2009,81.072
18/09/2009,80.993
21/09/2009,80.780
22/09/2009,80.362
23/09/2009,80.171
24/09/2009,80.298
25/09/2009,80.396
28/09/2009,80.843
29/09/2009,81.016
30/09/2009,81.310
01/10/2009,82.095
02/10/2009,82.839
05/10/2009,83.545
06/10/2009,83.665
07/10/2009,83.932
08/10/2009,84.765
09/10/2009,85.098
13/10/2009,84.669
14/10/2009,83.786
15/10/2009,83.058
16/10/2009,82.555
19/10/2009,82.245
20/10/2009,81.566
21/10/2009,81.145
22/10/2009,81.105
23/10/2009,81.105
26/10/2009,81.162
27/10/2009,80.978
28/10/2009,81.323
29/10/2009,82.027
30/10/2009,82.563
02/11/2009,83.237
03/11/2009,83.829
04/11/2009,84.858
05/11/2009,85.772
09/11/2009,85.916
10/11/2009,85.399
11/11/2009,84.895
12/11/2009,84.666
13/11/2009,84.368
16/11/2009,84.103
17/11/2009,83.457
18/11/2009,83.079
19/11/2009,83.092
20/11/2009,83.051
23/11/2009,83.041
24/11/2009,82.774
25/11/2009,82.801
26/11/2009,83.504
27/11/2009,84.184
30/11/2009,84.958
01/12/2009,85.715
02/12/2009,86.721
03/12/2009,88.272
04/12/2009,89.896
07/12/2009,91.122
09/12/2009,91.291
10/12/2009,91.420
11/12/2009,91.523
14/12/2009,91.577
15/12/2009,91.152
16/12/2009,91.158
17/12/2009,91.755
18/12/2009,92.602
21/12/2009,93.654
22/12/2009,94.795
23/12/2009,96.362
24/12/2009,96.877
28/12/2009,97.325
29/12/2009,97.498
30/12/2009,98.008
31/12/2009,98.065
04/01/2010,98.228
05/01/2010,97.866
06/01/2010,97.689
07/01/2010,97.779
08/01/2010,97.977
11/01/2010,97.769
12/01/2010,97.288
13/01/2010,96.591
14/01/2010,96.032
15/01/2010,95.517
18/01/2010,95.192
19/01/2010,94.433
20/01/2010,93.801
21/01/2010,93.489
22/01/2010,93.315
25/01/2010,93.219
26/01/2010,92.967
27/01/2010,93.029
28/01/2010,93.516
29/01/2010,94.052
01/02/2010,94.637
02/02/2010,94.861
03/02/2010,95.232
04/02/2010,95.659
05/02/2010,96.050
08/02/2010,96.117
09/02/2010,95.819
10/02/2010,95.285
11/02/2010,95.057
12/02/2010,94.650
15/02/2010,94.215
16/02/2010,93.441
17/02/2010,92.848
18/02/2010,92.429
19/02/2010,92.208
22/02/2010,92.133
23/02/2010,91.842
24/02/2010,91.715
25/02/2010,92.214
26/02/2010,92.721
01/03/2010,93.300
02/03/2010,93.573
03/03/2010,93.920
04/03/2010,94.622
05/03/2010,95.064
08/03/2010,95.350
09/03/2010,95.059
10/03/2010,94.603
11/03/2010,94.381
12/03/2010,94.034
15/03/2010,93.612
16/03/2010,92.829
17/03/2010,92.250
18/03/2010,92.011
19/03/2010,91.972
22/03/2010,91.951
23/03/2010,91.791
25/03/2010,91.968
26/03/2010,92.004
29/03/2010,92.595
30/03/2010,93.434
31/03/2010,93.945
05/04/2010,94.257
06/04/2010,93.863
07/04/2010,93.877
08/04/2010,94.291
09/04/2010,94.489
12/04/2010,94.431
13/04/2010,93.672
14/04/2010,93.039
15/04/2010,92.671
16/04/2010,92.396
19/04/2010,92.126
20/04/2010,91.510
21/04/2010,91.092
22/04/2010,90.941
23/04/2010,90.927
26/04/2010,91.008
27/04/2010,90.846
28/04/2010,91.073
29/04/2010,91.853
30/04/2010,92.560
03/05/2010,93.424
04/05/2010,93.756
05/05/2010,94.340
06/05/2010,95.329
07/05/2010,96.016
10/05/2010,96.172
11/05/2010,95.776
12/05/2010,95.355
13/05/2010,95.067
14/05/2010,94.817
17/05/2010,94.701
18/05/2010,94.216
19/05/2010,94.095
20/05/2010,94.677
21/05/2010,95.001
26/05/2010,95.188
27/05/2010,95.053
28/05/2010,95.079
31/05/2010,95.520
01/06/2010,95.578
02/06/2010,96.046
03/06/2010,97.038
04/06/2010,97.733
07/06/2010,98.188
08/06/2010,98.112
09/06/2010,98.003
10/06/2010,98.030
11/06/2010,97.967
14/06/2010,97.965
15/06/2010,97.482
16/06/2010,97.393
17/06/2010,97.652
18/06/2010,97.820
22/06/2010,97.906
23/06/2010,97.837
24/06/2010,98.033
25/06/2010,98.251
28/06/2010,98.784
29/06/2010,99.114
30/06/2010,99.752
01/07/2010,100.837
02/07/2010,101.827
05/07/2010,103.001
06/07/2010,103.658
07/07/2010,104.788
08/07/2010,105.628
12/07/2010,105.667
13/07/2010,104.907
14/07/2010,104.288
15/07/2010,103.958
16/07/2010,103.701
19/07/2010,103.427
20/07/2010,102.741
21/07/2010,102.328
22/07/2010,102.260
23/07/2010,102.363
26/07/2010,102.344
27/07/2010,102.112
28/07/2010,102.440
29/07/2010,103.095
30/07/2010,103.737
02/08/2010,104.449
03/08/2010,105.029
04/08/2010,105.649
05/08/2010,106.104
06/08/2010,106.648
09/08/2010,106.781
10/08/2010,106.461
11/08/2010,106.114
12/08/2010,106.040
13/08/2010,105.931
17/08/2010,105.551
18/08/2010,104.793
19/08/2010,104.158
20/08/2010,103.756
23/08/2010,103.591
24/08/2010,103.232
25/08/2010,103.037
26/08/2010,103.085
27/08/2010,103.375
30/08/2010,103.799
31/08/2010,103.925
01/09/2010,104.625
02/09/2010,105.633
03/09/2010,106.542
06/09/2010,107.069
07/09/2010,107.374
08/09/2010,107.498
09/09/2010,107.573
10/09/2010,107.559
13/09/2010,107.303
14/09/2010,106.504
15/09/2010,106.157
16/09/2010,105.965
17/09/2010,105.754
20/09/2010,105.735
21/09/2010,105.237
22/09/2010,105.002
23/09/2010,104.967
24/09/2010,105.124
27/09/2010,106.045
28/09/2010,106.183
29/09/2010,106.573
30/09/2010,106.983
01/10/2010,107.669
04/10/2010,108.452
05/10/2010,109.246
06/10/2010,109.675
07/10/2010,110.783
08/10/2010,111.369
12/10/2010,111.426
13/10/2010,111.319
14/10/2010,111.250
15/10/2010,111.094
18/10/2010,110.925
19/10/2010,110.818
20/10/2010,110.831
21/10/2010,110.829
22/10/2010,110.767
25/10/2010,110.932
26/10/2010,111.160
28/10/2010,111.456
29/10/2010,111.627
01/11/2010,111.738
02/11/2010,111.965
03/11/2010,112.111
04/11/2010,112.214
05/11/2010,112.379
08/11/2010,112.436
09/11/2010,112.628
10/11/2010,112.716
11/11/2010,112.781
12/11/2010,112.814
15/11/2010,112.831
16/11/2010,112.793
17/11/2010,112.771
18/11/2010,112.832
19/11/2010,112.959
23/11/2010,113.011
24/11/2010,113.051
25/11/2010,113.275
26/11/2010,113.531
29/11/2010,113.845
30/11/2010,114.167
01/12/2010,114.466
02/12/2010,114.914
03/12/2010,115.376
06/12/2010,115.691
07/12/2010,116.031
09/12/2010,116.477
10/12/2010,116.743
13/12/2010,117.651
14/12/2010,118.734
15/12/2010,119.473
16/12/2010,119.916
17/12/2010,120.835
20/12/2010,121.988
21/12/2010,122.636
22/12/2010,123.209
23/12/2010,123.462
27/12/2010,123.547
28/12/2010,123.837
29/12/2010,124.126
30/12/2010,124.535
03/01/2011,124.766
04/01/2011,125.040
05/01/2011,125.293
06/01/2011,125.536
07/01/2011,126.021
10/01/2011,126.771
11/01/2011,127.194
12/01/2011,127.445
13/01/2011,127.649
14/01/2011,127.645
17/01/2011,127.643
18/01/2011,127.624
19/01/2011,127.559
20/01/2011,127.551
21/01/2011,127.419
24/01/2011,127.416
25/01/2011,127.188
26/01/2011,127.028
27/01/2011,126.963
28/01/2011,126.936
31/01/2011,127.152
01/02/2011,127.393
02/02/2011,127.451
03/02/2011,127.758
04/02/2011,127.893
07/02/2011,128.034
08/02/2011,128.106
09/02/2011,128.158
10/02/2011,128.150
11/02/2011,128.094
14/02/2011,128.003
15/02/2011,127.753
16/02/2011,127.574
17/02/2011,127.295
18/02/2011,127.078
21/02/2011,127.012
22/02/2011,126.935
23/02/2011,126.872
24/02/2011,126.807
25/02/2011,127.952
28/02/2011,128.079
01/03/2011,128.422
02/03/2011,128.903
03/03/2011,129.399
04/03/2011,129.799
09/03/2011,129.895
10/03/2011,129.911
11/03/2011,129.786
14/03/2011,129.570
15/03/2011,129.132
16/03/2011,128.697
17/03/2011,128.232
18/03/2011,128.092
21/03/2011,128.084
22/03/2011,128.099
23/03/2011,128.162
28/03/2011,128.236
29/03/2011,127.942
30/03/2011,127.723
31/03/2011,127.883
01/04/2011,128.253
04/04/2011,128.812
05/04/2011,129.127
06/04/2011,129.593
07/04/2011,130.275
08/04/2011,130.843
11/04/2011,130.856
12/04/2011,130.688
13/04/2011,130.337
14/04/2011,130.106
15/04/2011,129.974
18/04/2011,129.988
19/04/2011,130.033
20/04/2011,130.016
25/04/2011,129.956
26/04/2011,129.793
27/04/2011,129.729
28/04/2011,129.825
29/04/2011,129.905
02/05/2011,130.284
03/05/2011,130.684
04/05/2011,131.204
05/05/2011,131.745
06/05/2011,132.355
09/05/2011,132.668
10/05/2011,132.652
11/05/2011,132.441
12/05/2011,132.271
13/05/2011,132.102
16/05/2011,131.932
17/05/2011,131.542
18/05/2011,131.131
19/05/2011,130.999
20/05/2011,130.886
23/05/2011,131.005
24/05/2011,131.040
26/05/2011,131.383
27/05/2011,131.471
30/05/2011,132.019
31/05/2011,132.482
01/06/2011,132.909
02/06/2011,133.559
03/06/2011,134.300
06/06/2011,134.904
07/06/2011,135.612
08/06/2011,136.059
09/06/2011,136.564
10/06/2011,136.870
13/06/2011,136.935
14/06/2011,136.922
15/06/2011,136.985
16/06/2011,137.244
17/06/2011,137.524
21/06/2011,137.976
22/06/2011,138.374
23/06/2011,138.619
24/06/2011,138.857
27/06/2011,139.796
28/06/2011,140.163
29/06/2011,141.191
30/06/2011,141.826
01/07/2011,142.562
04/07/2011,143.731
05/07/2011,144.431
06/07/2011,145.072
07/07/2011,145.780
08/07/2011,146.308
11/07/2011,146.673
12/07/2011,146.526
13/07/2011,146.286
14/07/2011,146.126
15/07/2011,145.809
18/07/2011,145.516
19/07/2011,145.169
20/07/2011,144.655
21/07/2011,144.593
22/07/2011,144.638
25/07/2011,144.721
26/07/2011,144.775
27/07/2011,145.290
28/07/2011,145.495
29/07/2011,145.880
01/08/2011,147.315
02/08/2011,147.320
03/08/2011,148.296
04/08/2011,148.364
05/08/2011,148.753
08/08/2011,149.649
09/08/2011,149.570
10/08/2011,149.194
11/08/2011,148.996
12/08/2011,148.672
15/08/2011,148.498
16/08/2011,147.884
17/08/2011,147.327
18/08/2011,147.109
19/08/2011,146.837
23/08/2011,146.779
24/08/2011,146.419
25/08/2011,146.276
26/08/2011,146.228
29/08/2011,146.384
30/08/2011,146.538
31/08/2011,146.905
01/09/2011,147.290
02/09/2011,148.033
05/09/2011,148.553
06/09/2011,148.983
07/09/2011,149.506
08/09/2011,149.979
09/09/2011,150.348
12/09/2011,150.749
13/09/2011,150.749
14/09/2011,150.749
15/09/2011,150.749
16/09/2011,148.768
19/09/2011,148.409
20/09/2011,148.379
21/09/2011,148.368
22/09/2011,147.576
23/09/2011,146.991
26/09/2011,147.123
27/09/2011,147.125
28/09/2011,147.405
29/09/2011,147.908
30/09/2011,148.278
03/10/2011,149.060
04/10/2011,149.588
05/10/2011,150.001
06/10/2011,150.738
07/10/2011,151.425
11/10/2011,151.603
12/10/2011,151.273
13/10/2011,150.743
14/10/2011,150.170
17/10/2011,149.610
18/10/2011,149.073
19/10/2011,148.556
20/10/2011,148.163
21/10/2011,147.867
24/10/2011,147.746
25/10/2011,147.496
26/10/2011,147.374
27/10/2011,147.566
28/10/2011,147.961
31/10/2011,148.747
01/11/2011,149.425
02/11/2011,150.192
03/11/2011,151.213
04/11/2011,152.019
07/11/2011,152.785
08/11/2011,153.192
09/11/2011,153.172
10/11/2011,153.370
11/11/2011,153.395
14/11/2011,153.370
15/11/2011,153.026
16/11/2011,152.792
17/11/2011,152.619
18/11/2011,152.421
21/11/2011,152.512
22/11/2011,152.374
23/11/2011,152.343
24/11/2011,152.773
25/11/2011,153.362
29/11/2011,154.106
30/11/2011,154.872
01/12/2011,155.889
02/12/2011,157.122
05/12/2011,159.245
06/12/2011,161.212
07/12/2011,163.101
12/12/2011,163.692
13/12/2011,163.814
14/12/2011,163.739
15/12/2011,163.947
16/12/2011,164.466
19/12/2011,165.515
20/12/2011,166.211
21/12/2011,167.544
22/12/2011,169.173
23/12/2011,169.639
27/12/2011,170.771
28/12/2011,171.974
29/12/2011,172.942
30/12/2011,173.056
03/01/2012,173.338
04/01/2012,173.359
05/01/2012,173.220
06/01/2012,173.175
09/01/2012,173.129
10/01/2012,172.926
11/01/2012,172.339
12/01/2012,171.994
13/01/2012,171.391
16/01/2012,171.039
17/01/2012,170.272
18/01/2012,169.546
19/01/2012,168.902
20/01/2012,168.223
23/01/2012,167.875
24/01/2012,167.390
25/01/2012,167.130
26/01/2012,167.031
27/01/2012,166.954
30/01/2012,167.191
31/01/2012,167.387
01/02/2012,167.854
02/02/2012,168.478
03/02/2012,169.356
06/02/2012,169.783
07/02/2012,170.015
08/02/2012,169.915
09/02/2012,170.155
10/02/2012,169.990
13/02/2012,169.718
14/02/2012,169.057
15/02/2012,168.381
16/02/2012,168.137
17/02/2012,168.038
22/02/2012,168.138
23/02/2012,167.863
24/02/2012,167.493
28/02/2012,167.576
29/02/2012,167.612
01/03/2012,168.000
02/03/2012,168.572
05/03/2012,169.371
06/03/2012,169.683
07/03/2012,169.822
08/03/2012,170.629
09/03/2012,170.930
12/03/2012,170.805
13/03/2012,170.205
14/03/2012,169.513
15/03/2012,168.993
16/03/2012,168.357
19/03/2012,168.102
20/03/2012,167.454
21/03/2012,166.963
22/03/2012,166.694
23/03/2012,166.579
26/03/2012,166.896
27/03/2012,167.146
28/03/2012,167.985
29/03/2012,168.963
30/03/2012,170.426
03/04/2012,172.212
04/04/2012,173.364
09/04/2012,173.395
10/04/2012,172.791
11/04/2012,172.095
12/04/2012,171.492
13/04/2012,171.072
16/04/2012,170.685
17/04/2012,169.831
18/04/2012,168.743
19/04/2012,168.264
20/04/2012,168.026
23/04/2012,167.843
24/04/2012,167.776
25/04/2012,168.232
26/04/2012,169.737
27/04/2012,170.967
02/05/2012,172.222
03/05/2012,172.848
04/05/2012,173.215
07/05/2012,173.348
08/05/2012,173.284
09/05/2012,172.984
10/05/2012,172.994
11/05/2012,172.955
14/05/2012,172.622
15/05/2012,171.992
16/05/2012,171.271
17/05/2012,171.118
18/05/2012,171.008
21/05/2012,171.061
22/05/2012,170.901
23/05/2012,171.472
24/05/2012,172.156
28/05/2012,172.798
29/05/2012,173.332
30/05/2012,173.905
31/05/2012,175.148
01/06/2012,176.422
04/06/2012,177.809
05/06/2012,179.222
06/06/2012,179.866
07/06/2012,181.084
08/06/2012,182.396
11/06/2012,183.393
12/06/2012,183.269
13/06/2012,182.892
14/06/2012,182.607
15/06/2012,182.737
18/06/2012,183.350
19/06/2012,183.784
21/06/2012,184.155
22/06/2012,184.243
25/06/2012,185.328
26/06/2012,185.807
27/06/2012,185.968
28/06/2012,187.107
29/06/2012,188.367
02/07/2012,190.242
03/07/2012,192.282
04/07/2012,193.557
05/07/2012,194.844
06/07/2012,196.393
10/07/2012,197.200
11/07/2012,197.231
12/07/2012,196.979
13/07/2012,196.475
16/07/2012,196.180
17/07/2012,195.386
18/07/2012,194.664
19/07/2012,194.301
20/07/2012,194.177
23/07/2012,194.235
24/07/2012,193.994
25/07/2012,193.815
26/07/2012,194.134
27/07/2012,194.417
30/07/2012,195.463
31/07/2012,196.406
01/08/2012,197.356
02/08/2012,198.471
03/08/2012,199.748
06/08/2012,200.455
07/08/2012,200.967
08/08/2012,200.954
09/08/2012,201.030
10/08/2012,200.852
13/08/2012,200.612
14/08/2012,199.820
15/08/2012,198.941
16/08/2012,198.568
17/08/2012,198.180
21/08/2012,197.891
22/08/2012,197.217
23/08/2012,196.671
24/08/2012,196.080
27/08/2012,196.225
28/08/2012,196.400
29/08/2012,196.697
30/08/2012,197.616
31/08/2012,198.753
03/09/2012,199.990
04/09/2012,200.967
05/09/2012,201.343
06/09/2012,202.335
07/09/2012,203.227
10/09/2012,203.690
11/09/2012,203.354
12/09/2012,202.645
13/09/2012,202.006
14/09/2012,201.500
17/09/2012,201.027
18/09/2012,200.289
19/09/2012,199.612
20/09/2012,199.391
21/09/2012,199.495
25/09/2012,199.694
26/09/2012,199.928
27/09/2012,200.213
28/09/2012,201.207
01/10/2012,202.406
02/10/2012,203.322
03/10/2012,203.828
04/10/2012,205.274
05/10/2012,206.754
09/10/2012,207.227
10/10/2012,206.967
11/10/2012,206.493
12/10/2012,205.888
15/10/2012,205.289
16/10/2012,204.345
17/10/2012,203.180
18/10/2012,202.526
19/10/2012,202.183
22/10/2012,202.126
23/10/2012,201.625
24/10/2012,201.311
25/10/2012,201.162
26/10/2012,201.400
29/10/2012,201.826
30/10/2012,202.480
31/10/2012,203.264
01/11/2012,204.679
02/11/2012,206.725
05/11/2012,208.486
07/11/2012,209.010
08/11/2012,209.500
09/11/2012,209.692
12/11/2012,209.346
13/11/2012,208.743
14/11/2012,207.701
15/11/2012,207.382
16/11/2012,207.310
19/11/2012,207.197
20/11/2012,207.191
21/11/2012,206.755
22/11/2012,206.498
23/11/2012,206.185
27/11/2012,206.439
28/11/2012,206.998
29/11/2012,207.875
30/11/2012,208.726
03/12/2012,210.265
04/12/2012,211.791
05/12/2012,213.269
06/12/2012,215.690
07/12/2012,217.967
10/12/2012,219.522
11/12/2012,220.522
12/12/2012,220.733
13/12/2012,221.021
14/12/2012,221.536
17/12/2012,223.586
18/12/2012,225.938
19/12/2012,227.147
20/12/2012,229.390
21/12/2012,231.735
26/12/2012,234.346
27/12/2012,235.482
28/12/2012,236.732
31/12/2012,237.010
02/01/2013,237.230
03/01/2013,237.358
04/01/2013,236.812
07/01/2013,236.671
08/01/2013,235.975
09/01/2013,235.161
10/01/2013,234.717
11/01/2013,234.114
14/01/2013,233.366
15/01/2013,231.922
16/01/2013,230.512
17/01/2013,229.551
18/01/2013,228.692
21/01/2013,228.094
22/01/2013,227.082
23/01/2013,226.240
24/01/2013,225.743
25/01/2013,225.326
28/01/2013,225.505
29/01/2013,225.754
30/01/2013,226.764
01/02/2013,228.090
04/02/2013,229.425
05/02/2013,230.199
06/02/2013,231.131
07/02/2013,232.958
08/02/2013,234.134
13/02/2013,233.927
14/02/2013,232.700
15/02/2013,230.633
18/02/2013,229.311
19/02/2013,227.948
21/02/2013,226.509
22/02/2013,225.434
25/02/2013,225.026
26/02/2013,224.557
27/02/2013,224.474
28/02/2013,225.059
01/03/2013,226.231
04/03/2013,227.459
05/03/2013,228.152
06/03/2013,228.701
07/03/2013,229.707
08/03/2013,230.662
11/03/2013,230.842
12/03/2013,229.993
13/03/2013,228.960
14/03/2013,228.132
15/03/2013,227.295
18/03/2013,226.862
19/03/2013,226.305
20/03/2013,225.734
21/03/2013,225.724
22/03/2013,226.782
25/03/2013,229.331
26/03/2013,231.558
27/03/2013,233.013
03/04/2013,233.325
04/04/2013,233.045
05/04/2013,232.139
08/04/2013,231.580
09/04/2013,231.037
10/04/2013,230.319
11/04/2013,229.885
12/04/2013,229.232
15/04/2013,228.480
16/04/2013,227.219
17/04/2013,226.049
18/04/2013,225.161
19/04/2013,224.633
22/04/2013,224.498
23/04/2013,223.979
24/04/2013,223.422
25/04/2013,223.541
26/04/2013,224.272
29/04/2013,225.957
30/04/2013,227.291
02/05/2013,228.945
03/05/2013,229.890
06/05/2013,230.694
07/05/2013,231.094
08/05/2013,231.610
09/05/2013,232.245
10/05/2013,232.973
13/05/2013,232.927
14/05/2013,231.929
15/05/2013,230.829
16/05/2013,229.754
17/05/2013,229.046
20/05/2013,228.667
21/05/2013,227.951
22/05/2013,227.169
23/05/2013,226.879
24/05/2013,226.954
27/05/2013,227.270
28/05/2013,227.338
29/05/2013,227.745
30/05/2013,228.929
31/05/2013,230.233
03/06/2013,231.848
04/06/2013,232.922
05/06/2013,234.102
06/06/2013,235.937
07/06/2013,237.817
10/06/2013,238.966
11/06/2013,239.091
12/06/2013,238.761
13/06/2013,238.419
14/06/2013,238.306
17/06/2013,238.727
18/06/2013,239.122
19/06/2013,239.821
24/06/2013,240.114
25/06/2013,239.736
26/06/2013,240.097
27/06/2013,241.178
28/06/2013,242.625
01/07/2013,244.590
02/07/2013,246.091
03/07/2013,247.128
04/07/2013,249.742
05/07/2013,252.486
08/07/2013,253.216
10/07/2013,254.162
11/07/2013,253.836
12/07/2013,252.932
15/07/2013,251.973
16/07/2013,250.987
17/07/2013,249.607
18/07/2013,248.822
19/07/2013,248.578
22/07/2013,248.380
23/07/2013,247.923
24/07/2013,247.097
25/07/2013,246.964
26/07/2013,247.273
29/07/2013,248.058
30/07/2013,248.960
31/07/2013,250.075
01/08/2013,251.249
02/08/2013,252.759
05/08/2013,254.389
06/08/2013,255.308
07/08/2013,255.914
08/08/2013,256.642
09/08/2013,257.022
12/08/2013,256.829
13/08/2013,255.595
14/08/2013,254.077
15/08/2013,253.315
16/08/2013,252.879
20/08/2013,252.450
21/08/2013,251.271
22/08/2013,250.016
23/08/2013,249.339
26/08/2013,248.986
27/08/2013,248.840
28/08/2013,249.196
29/08/2013,250.445
30/08/2013,251.759
02/09/2013,253.117
03/09/2013,254.282
04/09/2013,255.137
05/09/2013,256.274
06/09/2013,257.645
09/09/2013,258.320
10/09/2013,258.227
11/09/2013,257.172
12/09/2013,256.491
13/09/2013,255.578
16/09/2013,254.858
17/09/2013,253.611
18/09/2013,252.302
19/09/2013,251.578
20/09/2013,251.255
23/09/2013,251.359
24/09/2013,251.272
25/09/2013,251.396
26/09/2013,252.216
27/09/2013,253.848
30/09/2013,255.428
01/10/2013,256.350
02/10/2013,257.366
03/10/2013,258.822
04/10/2013,260.279
07/10/2013,261.131
08/10/2013,261.601
09/10/2013,261.714
10/10/2013,261.916
11/10/2013,261.893
15/10/2013,261.374
16/10/2013,259.930
17/10/2013,258.341
18/10/2013,257.214
21/10/2013,256.625
22/10/2013,255.609
23/10/2013,254.853
24/10/2013,254.471
25/10/2013,254.464
28/10/2013,254.938
29/10/2013,255.221
30/10/2013,255.871
31/10/2013,256.960
01/11/2013,258.529
04/11/2013,260.823
05/11/2013,262.503
07/11/2013,263.525
08/11/2013,264.107
11/11/2013,264.183
12/11/2013,263.081
13/11/2013,262.136
14/11/2013,260.934
15/11/2013,260.224
18/11/2013,259.826
19/11/2013,258.868
20/11/2013,258.114
21/11/2013,258.039
22/11/2013,258.000
26/11/2013,258.277
27/11/2013,258.467
28/11/2013,258.759
29/11/2013,259.978
02/12/2013,261.802
03/12/2013,263.631
04/12/2013,265.036
05/12/2013,267.585
06/12/2013,269.769
09/12/2013,271.328
10/12/2013,271.971
11/12/2013,272.434
12/12/2013,273.059
13/12/2013,273.938
16/12/2013,275.398
17/12/2013,276.553
18/12/2013,278.144
19/12/2013,280.039
20/12/2013,283.278
23/12/2013,286.269
26/12/2013,288.149
27/12/2013,288.890
30/12/2013,289.208
02/01/2014,289.598
03/01/2014,288.924
06/01/2014,288.465
07/01/2014,287.620
08/01/2014,286.551
09/01/2014,286.196
10/01/2014,285.478
13/01/2014,284.470
14/01/2014,282.812
15/01/2014,281.047
16/01/2014,279.620
17/01/2014,278.519
20/01/2014,277.611
21/01/2014,276.340
22/01/2014,274.924
23/01/2014,273.871
24/01/2014,273.297
27/01/2014,273.099
28/01/2014,272.587
29/01/2014,272.596
30/01/2014,273.451
31/01/2014,274.206
03/02/2014,275.355
04/02/2014,275.967
05/02/2014,276.554
06/02/2014,277.322
07/02/2014,277.859
10/02/2014,277.965
11/02/2014,277.244
12/02/2014,276.075
13/02/2014,274.870
14/02/2014,273.534
17/02/2014,272.328
18/02/2014,270.872
19/02/2014,269.185
20/02/2014,268.204
21/02/2014,267.599
24/02/2014,267.244
25/02/2014,267.142
26/02/2014,267.276
27/02/2014,268.667
28/02/2014,270.174
05/03/2014,271.278
06/03/2014,272.104
07/03/2014,272.786
10/03/2014,273.107
11/03/2014,272.666
12/03/2014,271.963
13/03/2014,271.053
14/03/2014,270.168
17/03/2014,269.570
18/03/2014,268.350
19/03/2014,267.243
20/03/2014,266.450
21/03/2014,265.827
25/03/2014,265.500
26/03/2014,265.046
27/03/2014,264.842
28/03/2014,265.162
31/03/2014,266.195
01/04/2014,267.318
03/04/2014,268.613
04/04/2014,269.749
07/04/2014,271.069
08/04/2014,272.067
09/04/2014,273.116
10/04/2014,273.305
11/04/2014,272.826
14/04/2014,272.402
15/04/2014,271.735
16/04/2014,270.999
21/04/2014,269.723
22/04/2014,267.742
23/04/2014,265.862
24/04/2014,264.818
25/04/2014,264.162
28/04/2014,264.899
29/04/2014,266.410
30/04/2014,267.782
05/05/2014,268.845
06/05/2014,269.255
07/05/2014,269.370
08/05/2014,270.172
09/05/2014,271.030
12/05/2014,271.259
13/05/2014,270.501
14/05/2014,268.847
15/05/2014,267.815
16/05/2014,266.803
19/05/2014,266.215
20/05/2014,265.044
21/05/2014,264.052
22/05/2014,263.326
23/05/2014,263.087
26/05/2014,263.237
27/05/2014,263.255
28/05/2014,264.430
29/05/2014,265.120
30/05/2014,266.719
02/06/2014,268.856
03/06/2014,270.333
04/06/2014,271.706
05/06/2014,274.181
06/06/2014,276.743
09/06/2014,278.128
10/06/2014,278.420
11/06/2014,277.888
12/06/2014,277.707
13/06/2014,277.213
16/06/2014,277.340
17/06/2014,277.223
18/06/2014,277.634
19/06/2014,277.946
23/06/2014,278.388
24/06/2014,281.280
25/06/2014,282.622
26/06/2014,283.127
27/06/2014,284.196
30/06/2014,286.194
01/07/2014,288.116
02/07/2014,290.247
03/07/2014,292.820
04/07/2014,296.547
07/07/2014,299.278
08/07/2014,299.404
10/07/2014,300.759
11/07/2014,300.502
14/07/2014,299.444
15/07/2014,297.528
16/07/2014,295.901
17/07/2014,294.863
18/07/2014,293.892
21/07/2014,293.596
22/07/2014,292.693
23/07/2014,291.826
24/07/2014,291.552
25/07/2014,291.651
28/07/2014,292.157
29/07/2014,292.939
30/07/2014,293.467
31/07/2014,295.394
01/08/2014,297.702
04/08/2014,300.254
05/08/2014,301.974
06/08/2014,303.831
07/08/2014,304.131
08/08/2014,305.128
11/08/2014,305.291
12/08/2014,304.348
13/08/2014,302.414
14/08/2014,301.229
15/08/2014,300.504
19/08/2014,299.875
20/08/2014,298.433
21/08/2014,297.216
22/08/2014,295.974
25/08/2014,296.174
26/08/2014,297.424
27/08/2014,298.334
28/08/2014,298.337
29/08/2014,299.947
01/09/2014,301.598
02/09/2014,302.592
03/09/2014,303.463
04/09/2014,305.130
05/09/2014,306.712
08/09/2014,308.001
09/09/2014,307.976
10/09/2014,306.398
11/09/2014,305.415
12/09/2014,304.509
15/09/2014,303.567
16/09/2014,302.315
17/09/2014,301.316
18/09/2014,301.264
19/09/2014,301.250
22/09/2014,300.069
23/09/2014,299.353
24/09/2014,298.713
25/09/2014,298.757
26/09/2014,304.828
29/09/2014,304.856
30/09/2014,304.918
01/10/2014,304.991
02/10/2014,305.874
03/10/2014,307.248
06/10/2014,308.966
07/10/2014,309.624
08/10/2014,309.831
09/10/2014,310.413
10/10/2014,310.923
14/10/2014,310.571
15/10/2014,309.073
16/10/2014,307.303
17/10/2014,305.874
20/10/2014,305.120
21/10/2014,304.536
22/10/2014,304.383
23/10/2014,303.278
24/10/2014,302.727
27/10/2014,302.400
28/10/2014,301.840
29/10/2014,301.860
30/10/2014,302.475
31/10/2014,303.558
03/11/2014,306.572
04/11/2014,308.019
05/11/2014,310.231
07/11/2014,311.676
10/11/2014,312.715
11/11/2014,313.108
12/11/2014,312.949
13/11/2014,312.703
14/11/2014,310.719
17/11/2014,309.827
18/11/2014,308.606
19/11/2014,307.619
20/11/2014,307.533
21/11/2014,308.107
25/11/2014,308.932
26/11/2014,309.248
27/11/2014,310.236
28/11/2014,311.977
01/12/2014,314.286
02/12/2014,317.487
03/12/2014,320.251
04/12/2014,323.991
05/12/2014,328.246
09/12/2014,330.939
10/12/2014,332.661
11/12/2014,333.073
12/12/2014,332.967
15/12/2014,333.544
16/12/2014,333.602
17/12/2014,334.040
18/12/2014,335.876
19/12/2014,339.464
22/12/2014,346.293
23/12/2014,354.005
24/12/2014,355.042
29/12/2014,358.120
30/12/2014,358.752
02/01/2015,359.479
05/01/2015,359.085
06/01/2015,358.019
07/01/2015,356.105
08/01/2015,355.193
09/01/2015,354.749
12/01/2015,354.115
13/01/2015,352.524
14/01/2015,350.319
15/01/2015,348.299
16/01/2015,346.382
19/01/2015,345.210
20/01/2015,344.053
21/01/2015,342.675
22/01/2015,341.531
23/01/2015,340.841
26/01/2015,340.321
27/01/2015,339.803
28/01/2015,339.345
29/01/2015,339.720
30/01/2015,341.072
02/02/2015,343.098
03/02/2015,344.274
04/02/2015,345.362
05/02/2015,346.959
06/02/2015,348.572
09/02/2015,349.702
10/02/2015,349.823
11/02/2015,349.051
12/02/2015,349.294
13/02/2015,349.157
18/02/2015,348.176
19/02/2015,345.962
20/02/2015,343.778
23/02/2015,342.046
24/02/2015,340.289
25/02/2015,339.719
26/02/2015,340.214
27/02/2015,341.149
02/03/2015,342.730
03/03/2015,344.175
04/03/2015,345.296
05/03/2015,347.188
06/03/2015,349.011
09/03/2015,349.964
10/03/2015,349.858
11/03/2015,349.065
12/03/2015,348.010
13/03/2015,346.737
16/03/2015,345.731
17/03/2015,344.543
18/03/2015,343.335
19/03/2015,343.442
20/03/2015,343.724
25/03/2015,344.039
26/03/2015,344.785
27/03/2015,346.795
30/03/2015,350.338
31/03/2015,350.338
01/04/2015,352.125
06/04/2015,353.363
07/04/2015,353.788
08/04/2015,352.828
09/04/2015,352.172
10/04/2015,352.296
13/04/2015,352.176
14/04/2015,351.073
15/04/2015,349.453
16/04/2015,348.388
17/04/2015,347.754
20/04/2015,347.351
21/04/2015,346.687
22/04/2015,345.918
23/04/2015,345.794
24/04/2015,346.236
27/04/2015,346.877
28/04/2015,348.026
29/04/2015,350.387
30/04/2015,352.080
04/05/2015,354.596
05/05/2015,356.443
06/05/2015,357.757
07/05/2015,359.718
08/05/2015,361.539
11/05/2015,362.805
12/05/2015,362.805
13/05/2015,361.638
14/05/2015,360.411
15/05/2015,358.845
18/05/2015,358.005
19/05/2015,356.832
20/05/2015,356.603
21/05/2015,357.137
22/05/2015,359.832
26/05/2015,359.832
27/05/2015,359.832
28/05/2015,359.833
29/05/2015,360.765
01/06/2015,361.868
02/06/2015,364.654
03/06/2015,366.597
04/06/2015,369.998
05/06/2015,372.527
08/06/2015,375.014
09/06/2015,375.396
10/06/2015,375.952
11/06/2015,376.423
12/06/2015,375.909
15/06/2015,375.898
16/06/2015,375.587
17/06/2015,374.840
18/06/2015,374.675
19/06/2015,375.469
22/06/2015,376.207
23/06/2015,376.614
24/06/2015,377.334
25/06/2015,378.685
26/06/2015,381.148
29/06/2015,384.052
30/06/2015,387.519
01/07/2015,389.228
02/07/2015,392.851
03/07/2015,396.138
06/07/2015,400.134
07/07/2015,402.741
08/07/2015,405.626
10/07/2015,407.566
13/07/2015,407.894
14/07/2015,406.760
15/07/2015,405.358
16/07/2015,403.951
17/07/2015,402.618
20/07/2015,401.928
21/07/2015,401.009
22/07/2015,400.130
23/07/2015,399.530
24/07/2015,399.648
27/07/2015,400.231
28/07/2015,400.949
29/07/2015,401.708
30/07/2015,403.384
31/07/2015,405.341
03/08/2015,407.689
04/08/2015,409.408
05/08/2015,411.116
06/08/2015,413.394
07/08/2015,414.735
10/08/2015,415.433
11/08/2015,414.952
12/08/2015,413.999
13/08/2015,413.094
14/08/2015,412.179
18/08/2015,411.582
19/08/2015,410.204
20/08/2015,408.920
21/08/2015,407.449
24/08/2015,406.750
25/08/2015,405.744
26/08/2015,405.033
27/08/2015,405.195
28/08/2015,406.735
31/08/2015,408.598
01/09/2015,410.102
02/09/2015,411.964
03/09/2015,413.258
04/09/2015,415.639
07/09/2015,417.160
08/09/2015,418.053
09/09/2015,418.069
10/09/2015,418.125
11/09/2015,417.574
14/09/2015,416.401
15/09/2015,415.087
16/09/2015,413.372
17/09/2015,412.479
18/09/2015,411.709
21/09/2015,411.308
22/09/2015,410.758
23/09/2015,410.362
24/09/2015,410.404
25/09/2015,412.199
28/09/2015,412.752
29/09/2015,413.453
30/09/2015,413.997
01/10/2015,417.280
02/10/2015,419.826
05/10/2015,422.031
06/10/2015,423.598
07/10/2015,424.704
08/10/2015,426.422
09/10/2015,428.018
13/10/2015,428.240
14/10/2015,426.576
15/10/2015,424.571
16/10/2015,422.761
19/10/2015,421.267
20/10/2015,419.606
21/10/2015,418.232
22/10/2015,417.279
23/10/2015,417.035
26/10/2015,417.841
27/10/2015,419.180
28/10/2015,420.488
29/10/2015,423.641
30/10/2015,424.286
02/11/2015,425.096
03/11/2015,425.960
04/11/2015,426.984
05/11/2015,429.161
09/11/2015,430.095
10/11/2015,429.733
11/11/2015,428.867
12/11/2015,427.944
13/11/2015,426.978
16/11/2015,426.299
17/11/2015,425.424
18/11/2015,424.662
19/11/2015,424.004
20/11/2015,425.337
23/11/2015,425.934
24/11/2015,427.185
25/11/2015,428.717
26/11/2015,429.818
30/11/2015,432.569
01/12/2015,435.013
02/12/2015,438.923
03/12/2015,443.640
04/12/2015,446.622
09/12/2015,450.254
10/12/2015,452.213
11/12/2015,453.306
14/12/2015,454.813
15/12/2015,454.974
16/12/2015,455.449
17/12/2015,457.041
18/12/2015,458.811
21/12/2015,464.641
22/12/2015,467.461
23/12/2015,472.863
24/12/2015,473.840
28/12/2015,476.137
29/12/2015,478.241
30/12/2015,478.905
31/12/2015,478.777
04/01/2016,478.962
05/01/2016,478.010
06/01/2016,476.523
07/01/2016,475.095
08/01/2016,474.191
11/01/2016,473.013
12/01/2016,471.327
13/01/2016,468.872
14/01/2016,466.550
15/01/2016,464.592
18/01/2016,462.894
19/01/2016,461.188
20/01/2016,459.428
21/01/2016,458.156
22/01/2016,457.258
25/01/2016,456.739
26/01/2016,456.291
27/01/2016,455.984
28/01/2016,456.364
29/01/2016,456.741
01/02/2016,457.414
02/02/2016,458.110
03/02/2016,458.843
04/02/2016,460.730
05/02/2016,462.844
10/02/2016,463.174
11/02/2016,462.895
12/02/2016,461.781
15/02/2016,460.627
16/02/2016,459.483
17/02/2016,458.309
18/02/2016,457.337
19/02/2016,456.569
22/02/2016,455.983
23/02/2016,455.111
24/02/2016,454.515
25/02/2016,454.904
26/02/2016,454.951
29/02/2016,455.511
01/03/2016,455.560
02/03/2016,455.680
03/03/2016,457.357
04/03/2016,458.004
07/03/2016,458.385
08/03/2016,458.124
09/03/2016,457.943
10/03/2016,457.635
11/03/2016,457.323
14/03/2016,456.636
15/03/2016,456.054
16/03/2016,454.994
17/03/2016,454.022
18/03/2016,453.296
21/03/2016,452.891
22/03/2016,453.286
23/03/2016,453.354
28/03/2016,453.345
29/03/2016,453.321
30/03/2016,453.429
31/03/2016,453.440
01/04/2016,453.718
04/04/2016,453.949
05/04/2016,454.757
06/04/2016,454.620
07/04/2016,455.619
08/04/2016,456.349
11/04/2016,456.278
12/04/2016,455.946
13/04/2016,455.311
14/04/2016,455.308
15/04/2016,454.558
18/04/2016,454.033
19/04/2016,453.442
20/04/2016,453.082
21/04/2016,453.082
22/04/2016,452.704
25/04/2016,451.628
26/04/2016,450.988
27/04/2016,450.594
28/04/2016,450.560
29/04/2016,450.850
02/05/2016,451.426
03/05/2016,451.958
04/05/2016,452.605
05/05/2016,454.318
06/05/2016,455.895
09/05/2016,456.777
10/05/2016,456.462
11/05/2016,456.103
12/05/2016,455.617
13/05/2016,454.740
16/05/2016,454.184
17/05/2016,453.355
18/05/2016,452.245
19/05/2016,451.587
20/05/2016,451.325
23/05/2016,451.153
24/05/2016,450.937
26/05/2016,450.861
27/05/2016,450.882
30/05/2016,451.412
31/05/2016,451.831
01/06/2016,452.899
02/06/2016,454.383
03/06/2016,455.303
06/06/2016,456.383
07/06/2016,457.215
08/06/2016,457.735
09/06/2016,458.562
10/06/2016,459.365
13/06/2016,459.826
14/06/2016,459.705
15/06/2016,459.848
16/06/2016,460.156
21/06/2016,460.361
22/06/2016,459.858
23/06/2016,459.599
24/06/2016,460.109
27/06/2016,461.699
28/06/2016,462.314
29/06/2016,464.362
30/06/2016,467.120
01/07/2016,470.546
04/07/2016,475.209
05/07/2016,479.630
06/07/2016,485.273
07/07/2016,489.561
11/07/2016,491.129
12/07/2016,490.746
13/07/2016,489.374
14/07/2016,488.245
15/07/2016,487.573
18/07/2016,486.688
19/07/2016,485.466
20/07/2016,484.109
21/07/2016,482.892
22/07/2016,482.054
25/07/2016,481.385
26/07/2016,480.602
27/07/2016,480.352
28/07/2016,481.317
29/07/2016,483.279
01/08/2016,485.926
02/08/2016,487.725
03/08/2016,489.592
04/08/2016,492.197
05/08/2016,494.345
08/08/2016,495.561
09/08/2016,496.133
10/08/2016,495.949
11/08/2016,496.027
12/08/2016,494.948
16/08/2016,493.946
17/08/2016,492.007
18/08/2016,490.267
19/08/2016,488.027
22/08/2016,486.543
23/08/2016,485.575
24/08/2016,484.168
25/08/2016,483.679
26/08/2016,483.083
29/08/2016,484.218
30/08/2016,485.181
31/08/2016,485.991
01/09/2016,488.444
02/09/2016,490.332
05/09/2016,492.514
06/09/2016,493.885
07/09/2016,495.343
08/09/2016,497.778
09/09/2016,498.779
12/09/2016,498.034
13/09/2016,497.213
14/09/2016,495.375
15/09/2016,494.009
16/09/2016,493.059
19/09/2016,491.532
20/09/2016,490.567
21/09/2016,489.592
22/09/2016,488.739
23/09/2016,488.186
26/09/2016,488.641
27/09/2016,489.446
28/09/2016,489.987
29/09/2016,491.751
30/09/2016,492.770
03/10/2016,496.008
04/10/2016,499.508
05/10/2016,501.981
06/10/2016,506.001
07/10/2016,508.678
11/10/2016,509.131
12/10/2016,507.933
13/10/2016,506.509
14/10/2016,504.983
17/10/2016,503.435
18/10/2016,501.593
19/10/2016,499.563
20/10/2016,497.859
21/10/2016,497.408
24/10/2016,497.789
25/10/2016,498.529
26/10/2016,500.286
27/10/2016,501.974
28/10/2016,501.868
31/10/2016,504.330
01/11/2016,507.084
02/11/2016,509.401
03/11/2016,511.843
04/11/2016,514.501
07/11/2016,515.836
08/11/2016,516.803
09/11/2016,517.811
10/11/2016,518.655
11/11/2016,518.820
14/11/2016,518.429
15/11/2016,517.586
16/11/2016,516.363
17/11/2016,515.242
18/11/2016,515.189
21/11/2016,515.210
22/11/2016,515.077
23/11/2016,515.103
24/11/2016,516.315
25/11/2016,517.560
29/11/2016,520.060
30/11/2016,522.966
01/12/2016,526.346
02/12/2016,531.078
05/12/2016,538.444
06/12/2016,546.186
07/12/2016,549.539
12/12/2016,553.752
13/12/2016,558.572
14/12/2016,558.887
15/12/2016,559.980
16/12/2016,561.545
19/12/2016,564.294
20/12/2016,568.192
21/12/2016,573.268
22/12/2016,579.921
23/12/2016,584.806
26/12/2016,587.100
27/12/2016,587.847
28/12/2016,588.732
29/12/2016,592.061
30/12/2016,594.615
02/01/2017,595.918
03/01/2017,596.588
04/01/2017,597.658
05/01/2017,599.162
06/01/2017,599.998
09/01/2017,600.509
10/01/2017,600.714
11/01/2017,600.288
12/01/2017,600.366
13/01/2017,600.434
16/01/2017,599.983
17/01/2017,599.733
18/01/2017,598.893
19/01/2017,598.745
20/01/2017,598.866
23/01/2017,598.809
24/01/2017,598.788
25/01/2017,598.339
26/01/2017,598.611
27/01/2017,599.208
30/01/2017,599.462
31/01/2017,601.270
01/02/2017,602.441
02/02/2017,604.580
03/02/2017,605.670
06/02/2017,606.722
07/02/2017,606.841
08/02/2017,606.167
09/02/2017,605.800
10/02/2017,605.584
13/02/2017,604.368
14/02/2017,604.175
15/02/2017,603.296
16/02/2017,602.494
17/02/2017,601.931
20/02/2017,601.495
21/02/2017,600.617
22/02/2017,599.769
23/02/2017,599.270
24/02/2017,597.878
01/03/2017,596.950
02/03/2017,595.673
03/03/2017,594.606
06/03/2017,594.168
07/03/2017,595.286
08/03/2017,595.257
09/03/2017,594.914
10/03/2017,594.795
13/03/2017,594.408
14/03/2017,594.039
15/03/2017,593.106
16/03/2017,591.926
17/03/2017,591.641
20/03/2017,591.639
21/03/2017,590.254
22/03/2017,589.384
23/03/2017,588.960
27/03/2017,589.706
28/03/2017,588.732
29/03/2017,587.668
30/03/2017,587.026
31/03/2017,587.046
03/04/2017,588.636
04/04/2017,590.216
05/04/2017,589.272
06/04/2017,589.272
07/04/2017,588.720
10/04/2017,590.396
11/04/2017,591.769
12/04/2017,593.617
17/04/2017,594.151
18/04/2017,593.391
19/04/2017,592.168
20/04/2017,590.356
21/04/2017,590.038
24/04/2017,590.014
25/04/2017,589.173
26/04/2017,588.502
27/04/2017,587.674
28/04/2017,588.131
02/05/2017,588.503
03/05/2017,588.802
04/05/2017,589.069
05/05/2017,590.515
08/05/2017,591.198
09/05/2017,590.928
10/05/2017,589.875
11/05/2017,589.326
12/05/2017,588.836
15/05/2017,588.900
16/05/2017,588.258
17/05/2017,587.511
18/05/2017,586.053
19/05/2017,585.913
22/05/2017,585.983
23/05/2017,584.981
24/05/2017,584.585
26/05/2017,584.511
29/05/2017,585.731
30/05/2017,585.971
31/05/2017,585.557
01/06/2017,586.764
02/06/2017,588.688
05/06/2017,592.122
06/06/2017,596.662
07/06/2017,598.982
08/06/2017,601.378
09/06/2017,603.437
12/06/2017,605.367
13/06/2017,605.342
14/06/2017,605.815
15/06/2017,605.986
16/06/2017,606.552
19/06/2017,608.519
21/06/2017,608.814
22/06/2017,610.809
23/06/2017,612.647
26/06/2017,614.337
27/06/2017,616.579
28/06/2017,619.495
29/06/2017,623.969
30/06/2017,626.960
03/07/2017,631.807
04/07/2017,636.454
05/07/2017,640.690
06/07/2017,645.606
07/07/2017,647.906
10/07/2017,650.206
11/07/2017,651.023
12/07/2017,650.869
13/07/2017,650.593
14/07/2017,649.572
17/07/2017,648.979
18/07/2017,648.112
19/07/2017,646.870
20/07/2017,646.096
21/07/2017,645.687
24/07/2017,645.624
25/07/2017,644.838
26/07/2017,644.412
27/07/2017,644.492
28/07/2017,645.193
31/07/2017,646.418
01/08/2017,646.822
02/08/2017,648.884
03/08/2017,651.599
04/08/2017,653.765
07/08/2017,655.307
08/08/2017,655.261
09/08/2017,654.503
10/08/2017,654.709
11/08/2017,654.740
14/08/2017,654.474
15/08/2017,653.444
16/08/2017,652.365
17/08/2017,652.219
18/08/2017,651.745
22/08/2017,651.179
23/08/2017,650.515
24/08/2017,650.291
25/08/2017,650.316
28/08/2017,650.592
29/08/2017,650.713
30/08/2017,650.703
31/08/2017,651.196
01/09/2017,653.403
04/09/2017,656.213
05/09/2017,658.531
06/09/2017,659.459
07/09/2017,661.390
08/09/2017,663.110
11/09/2017,664.612
12/09/2017,663.962
13/09/2017,663.173
14/09/2017,662.489
15/09/2017,661.758
18/09/2017,661.148
19/09/2017,660.030
20/09/2017,658.860
21/09/2017,658.433
22/09/2017,658.423
25/09/2017,658.855
26/09/2017,658.876
27/09/2017,658.496
28/09/2017,660.312
29/09/2017,662.975
02/10/2017,666.623
03/10/2017,669.671
04/10/2017,671.646
05/10/2017,674.783
06/10/2017,676.352
09/10/2017,678.201
10/10/2017,678.735
11/10/2017,678.904
12/10/2017,679.474
13/10/2017,679.375
17/10/2017,678.228
18/10/2017,677.383
19/10/2017,676.430
20/10/2017,675.485
23/10/2017,674.999
24/10/2017,674.124
25/10/2017,673.531
26/10/2017,673.546
27/10/2017,674.276
30/10/2017,676.993
31/10/2017,679.168
01/11/2017,682.348
02/11/2017,686.524
03/11/2017,689.949
07/11/2017,691.379
08/11/2017,691.456
09/11/2017,691.310
10/11/2017,691.071
13/11/2017,691.048
14/11/2017,690.335
15/11/2017,689.480
16/11/2017,689.065
17/11/2017,688.598
21/11/2017,688.141
22/11/2017,687.576
23/11/2017,686.408
24/11/2017,686.350
27/11/2017,686.514
28/11/2017,687.271
29/11/2017,689.164
30/11/2017,693.108
01/12/2017,699.509
04/12/2017,705.964
05/12/2017,712.216
06/12/2017,718.894
07/12/2017,724.056
11/12/2017,726.679
12/12/2017,729.458
13/12/2017,732.175
14/12/2017,735.095
15/12/2017,735.482
18/12/2017,738.364
19/12/2017,740.866
20/12/2017,744.597
21/12/2017,755.451
22/12/2017,765.120
26/12/2017,771.904
27/12/2017,776.767
28/12/2017,783.205
29/12/2017,786.713
02/01/2018,789.102
03/01/2018,789.079
04/01/2018,788.657
05/01/2018,789.645
08/01/2018,790.012
09/01/2018,789.359
10/01/2018,788.607
11/01/2018,787.637
12/01/2018,786.898
15/01/2018,785.831
16/01/2018,783.981
17/01/2018,781.942
18/01/2018,779.752
19/01/2018,777.953
22/01/2018,776.075
23/01/2018,774.068
24/01/2018,771.934
25/01/2018,769.659
26/01/2018,767.759
29/01/2018,766.591
30/01/2018,765.804
31/01/2018,765.254
01/02/2018,764.778
02/02/2018,764.920
05/02/2018,767.702
06/02/2018,773.914
07/02/2018,777.328
08/02/2018,779.502
09/02/2018,779.760
14/02/2018,779.634
15/02/2018,778.302
16/02/2018,777.387
19/02/2018,776.580
20/02/2018,775.477
21/02/2018,774.391
22/02/2018,771.102
23/02/2018,768.420
26/02/2018,765.388
27/02/2018,764.093
28/02/2018,763.173
01/03/2018,763.238
02/03/2018,763.291
05/03/2018,763.582
06/03/2018,765.179
07/03/2018,765.011
08/03/2018,765.473
09/03/2018,765.456
12/03/2018,765.086
13/03/2018,762.974
14/03/2018,760.682
15/03/2018,758.049
16/03/2018,756.067
19/03/2018,753.891
20/03/2018,751.635
21/03/2018,749.620
22/03/2018,748.110
23/03/2018,746.813
26/03/2018,746.863
27/03/2018,750.340
28/03/2018,755.128
03/04/2018,755.662
04/04/2018,756.231
05/04/2018,757.544
06/04/2018,757.203
09/04/2018,757.083
10/04/2018,755.805
11/04/2018,754.224
12/04/2018,752.865
13/04/2018,751.212
16/04/2018,749.472
17/04/2018,748.419
18/04/2018,747.579
19/04/2018,745.684
20/04/2018,742.887
23/04/2018,741.123
24/04/2018,739.947
25/04/2018,739.785
26/04/2018,740.807
27/04/2018,743.195
02/05/2018,744.010
03/05/2018,745.659
04/05/2018,745.831
07/05/2018,746.291
08/05/2018,745.980
09/05/2018,745.279
10/05/2018,745.272
11/05/2018,745.015
14/05/2018,744.746
15/05/2018,743.676
16/05/2018,742.487
17/05/2018,741.262
18/05/2018,740.007
21/05/2018,738.279
22/05/2018,736.364
23/05/2018,734.198
24/05/2018,732.584
28/05/2018,731.624
29/05/2018,730.842
30/05/2018,730.361
31/05/2018,731.047
01/06/2018,732.407
04/06/2018,734.377
05/06/2018,737.651
06/06/2018,739.194
07/06/2018,741.480
08/06/2018,742.922
11/06/2018,744.190
12/06/2018,746.071
13/06/2018,747.041
14/06/2018,747.141
15/06/2018,745.978
18/06/2018,745.950
19/06/2018,745.579
21/06/2018,746.901
22/06/2018,746.752
25/06/2018,746.912
26/06/2018,748.825
27/06/2018,750.944
28/06/2018,752.889
29/06/2018,755.453
02/07/2018,761.412
03/07/2018,766.141
04/07/2018,771.601
05/07/2018,778.111
06/07/2018,781.145
10/07/2018,783.526
11/07/2018,782.768
12/07/2018,782.250
13/07/2018,781.317
16/07/2018,779.612
17/07/2018,777.673
18/07/2018,774.968
19/07/2018,772.599
20/07/2018,770.584
23/07/2018,768.003
24/07/2018,766.323
25/07/2018,764.568
26/07/2018,763.401
27/07/2018,762.784
30/07/2018,762.813
31/07/2018,763.079
01/08/2018,763.006
02/08/2018,764.103
03/08/2018,765.409
06/08/2018,767.433
07/08/2018,767.944
08/08/2018,767.579
09/08/2018,767.500
10/08/2018,766.981
13/08/2018,766.186
14/08/2018,765.294
15/08/2018,764.530
16/08/2018,764.010
17/08/2018,763.952
21/08/2018,763.628
22/08/2018,762.628
23/08/2018,761.900
24/08/2018,761.436
27/08/2018,761.372
28/08/2018,761.002
29/08/2018,760.627
30/08/2018,760.668
31/08/2018,760.857
03/09/2018,761.933
04/09/2018,761.871
05/09/2018,762.030
06/09/2018,762.165
07/09/2018,762.774
10/09/2018,762.972
11/09/2018,762.201
12/09/2018,761.143
13/09/2018,759.191
14/09/2018,758.852
17/09/2018,758.402
18/09/2018,757.730
19/09/2018,756.541
20/09/2018,755.687
21/09/2018,755.163
24/09/2018,754.710
25/09/2018,754.710
26/09/2018,754.230
27/09/2018,753.745
28/09/2018,753.321
01/10/2018,753.695
02/10/2018,753.758
03/10/2018,753.815
04/10/2018,753.870
05/10/2018,753.652
08/10/2018,754.254
09/10/2018,754.127
10/10/2018,753.821
11/10/2018,753.378
12/10/2018,752.471
16/10/2018,750.020
17/10/2018,748.901
18/10/2018,747.453
19/10/2018,745.312
22/10/2018,743.842
23/10/2018,742.546
24/10/2018,741.554
25/10/2018,740.963
26/10/2018,740.575
29/10/2018,739.657
30/10/2018,739.282
31/10/2018,739.090
01/11/2018,739.326
02/11/2018,740.058
05/11/2018,741.855
07/11/2018,741.563
08/11/2018,742.074
09/11/2018,741.154
12/11/2018,740.030
13/11/2018,738.943
14/11/2018,737.359
15/11/2018,736.657
16/11/2018,735.504
20/11/2018,733.771
21/11/2018,733.062
22/11/2018,732.730
23/11/2018,732.591
26/11/2018,731.604
27/11/2018,731.829
28/11/2018,734.170
29/11/2018,734.451
03/12/2018,736.653
04/12/2018,739.408
05/12/2018,744.041
06/12/2018,750.937
07/12/2018,758.918
10/12/2018,764.121
11/12/2018,767.766
12/12/2018,769.529
13/12/2018,774.538
14/12/2018,780.045
17/12/2018,788.864
18/12/2018,796.177
19/12/2018,803.891
20/12/2018,818.225
21/12/2018,830.481
26/12/2018,841.322
27/12/2018,852.942
28/12/2018,859.536
02/01/2019,860.000
03/01/2019,859.545
04/01/2019,859.079
07/01/2019,857.916
08/01/2019,856.719
09/01/2019,854.612
10/01/2019,852.113
11/01/2019,849.410
14/01/2019,846.176
15/01/2019,842.218
16/01/2019,838.430
17/01/2019,833.670
18/01/2019,829.324
21/01/2019,824.637
22/01/2019,820.734
23/01/2019,816.515
24/01/2019,813.317
25/01/2019,810.515
28/01/2019,808.922
29/01/2019,807.458
30/01/2019,806.324
31/01/2019,807.110
01/02/2019,808.840
04/02/2019,810.616
05/02/2019,811.247
06/02/2019,812.743
07/02/2019,813.634
08/02/2019,814.644
11/02/2019,814.354
12/02/2019,812.658
13/02/2019,810.262
14/02/2019,807.879
15/02/2019,805.815
18/02/2019,803.149
19/02/2019,800.735
20/02/2019,798.296
21/02/2019,796.386
22/02/2019,794.573
25/02/2019,793.761
26/02/2019,796.183
27/02/2019,801.080
28/02/2019,806.109
01/03/2019,812.183
06/03/2019,815.760
07/03/2019,817.789
08/03/2019,816.760
11/03/2019,816.012
12/03/2019,814.871
13/03/2019,812.646
14/03/2019,810.776
15/03/2019,808.336
18/03/2019,805.760
19/03/2019,803.069
20/03/2019,800.330
21/03/2019,797.493
22/03/2019,795.351
25/03/2019,794.552
26/03/2019,795.064
27/03/2019,798.452
28/03/2019,801.389
29/03/2019,804.995
01/04/2019,808.143
03/04/2019,812.581
04/04/2019,815.281
05/04/2019,816.137
08/04/2019,817.240
09/04/2019,818.087
10/04/2019,818.161
11/04/2019,818.245
12/04/2019,817.964
15/04/2019,819.932
16/04/2019,822.588
17/04/2019,821.480
22/04/2019,819.091
23/04/2019,815.557
24/04/2019,813.216
25/04/2019,812.007
26/04/2019,814.523
29/04/2019,817.857
30/04/2019,817.956
02/05/2019,821.694
03/05/2019,823.592
06/05/2019,826.413
07/05/2019,828.297
08/05/2019,828.776
09/05/2019,830.532
10/05/2019,832.041
13/05/2019,831.531
14/05/2019,830.657
15/05/2019,828.484
16/05/2019,826.234
17/05/2019,823.705
20/05/2019,821.417
21/05/2019,818.642
22/05/2019,816.423
23/05/2019,815.016
24/05/2019,814.610
27/05/2019,816.825
28/05/2019,821.367
29/05/2019,821.367
30/05/2019,821.910
31/05/2019,824.343
03/06/2019,828.861
04/06/2019,832.627
05/06/2019,835.708
06/06/2019,839.491
07/06/2019,843.838
10/06/2019,848.534
11/06/2019,849.725
12/06/2019,850.285
13/06/2019,851.588
14/06/2019,852.583
18/06/2019,854.126
19/06/2019,855.270
21/06/2019,855.520
24/06/2019,855.530
25/06/2019,856.110
26/06/2019,859.449
27/06/2019,866.336
28/06/2019,872.460
01/07/2019,882.714
02/07/2019,893.576
03/07/2019,904.247
04/07/2019,912.972
05/07/2019,919.699
10/07/2019,923.207
11/07/2019,924.152
12/07/2019,921.721
15/07/2019,918.142
16/07/2019,914.856
17/07/2019,909.244
18/07/2019,905.345
19/07/2019,901.979
22/07/2019,898.978
23/07/2019,895.783
24/07/2019,893.324
25/07/2019,891.620
26/07/2019,891.570
29/07/2019,893.762
30/07/2019,896.180
31/07/2019,897.800
01/08/2019,904.016
02/08/2019,908.556
05/08/2019,911.594
06/08/2019,912.984
07/08/2019,915.022
08/08/2019,918.264
09/08/2019,919.879
12/08/2019,919.367
13/08/2019,916.967
14/08/2019,913.668
15/08/2019,911.591
16/08/2019,909.442
20/08/2019,906.853
21/08/2019,903.191
22/08/2019,899.988
23/08/2019,896.965
26/08/2019,895.228
27/08/2019,893.950
28/08/2019,893.614
29/08/2019,897.528
30/08/2019,904.438
02/09/2019,909.469
03/09/2019,914.180
04/09/2019,920.062
05/09/2019,924.383
06/09/2019,927.648
09/09/2019,929.868
10/09/2019,929.542
11/09/2019,928.313
12/09/2019,926.289
13/09/2019,924.562
16/09/2019,923.261
17/09/2019,921.008
18/09/2019,917.832
19/09/2019,915.136
20/09/2019,913.161
23/09/2019,912.435
24/09/2019,911.913
25/09/2019,912.551
26/09/2019,915.161
27/09/2019,919.389
30/09/2019,924.758
01/10/2019,928.295
02/10/2019,929.067
03/10/2019,934.674
04/10/2019,938.822
07/10/2019,942.154
08/10/2019,943.709
09/10/2019,944.132
10/10/2019,946.590
11/10/2019,948.440
15/10/2019,948.457
16/10/2019,945.191
17/10/2019,941.247
18/10/2019,937.848
21/10/2019,934.467
22/10/2019,930.955
23/10/2019,927.905
24/10/2019,925.678
25/10/2019,923.534
28/10/2019,920.941
29/10/2019,918.057
30/10/2019,916.079
31/10/2019,918.027
01/11/2019,921.251
04/11/2019,929.112
05/11/2019,935.636
07/11/2019,941.492
08/11/2019,945.017
11/11/2019,946.131
12/11/2019,944.227
13/11/2019,942.368
14/11/2019,941.024
15/11/2019,939.484
19/11/2019,937.886
20/11/2019,935.817
21/11/2019,933.209
22/11/2019,931.168
25/11/2019,931.421
26/11/2019,931.729
27/11/2019,935.716
28/11/2019,946.715
29/11/2019,956.135
02/12/2019,965.980
03/12/2019,976.376
04/12/2019,985.433
05/12/2019,996.383
06/12/2019,1.008.326
09/12/2019,1.020.085
10/12/2019,1.026.860
11/12/2019,1.032.121
12/12/2019,1.036.890
13/12/2019,1.042.823
16/12/2019,1.051.117
17/12/2019,1.061.303
18/12/2019,1.067.898
19/12/2019,1.078.957
20/12/2019,1.099.065
