Dates,Monetary Base
30/01/2003,29.646
31/01/2003,29.492
03/02/2003,29.167
04/02/2003,29.217
05/02/2003,29.186
06/02/2003,29.214
07/02/2003,29.188
10/02/2003,28.749
11/02/2003,28.808
12/02/2003,28.922
13/02/2003,28.965
14/02/2003,29.027
17/02/2003,29.024
18/02/2003,29.083
19/02/2003,29.165
20/02/2003,29.976
21/02/2003,30.027
24/02/2003,30.051
25/02/2003,30.128
26/02/2003,30.117
27/02/2003,30.127
28/02/2003,30.164
03/03/2003,30.206
04/03/2003,30.246
05/03/2003,30.210
06/03/2003,30.229
07/03/2003,30.184
10/03/2003,30.255
11/03/2003,30.236
12/03/2003,30.337
13/03/2003,30.321
14/03/2003,30.301
17/03/2003,30.354
18/03/2003,30.366
19/03/2003,30.407
20/03/2003,30.469
21/03/2003,30.498
24/03/2003,30.572
25/03/2003,30.599
26/03/2003,30.612
27/03/2003,30.663
28/03/2003,30.667
01/04/2003,30.673
02/04/2003,30.662
03/04/2003,30.776
04/04/2003,30.704
07/04/2003,30.734
08/04/2003,30.742
09/04/2003,30.840
10/04/2003,30.900
11/04/2003,30.850
14/04/2003,30.863
15/04/2003,30.866
16/04/2003,30.852
21/04/2003,30.874
22/04/2003,31.055
23/04/2003,31.013
24/04/2003,31.041
25/04/2003,30.887
28/04/2003,30.952
29/04/2003,31.078
30/04/2003,31.475
02/05/2003,31.706
05/05/2003,31.903
06/05/2003,32.052
07/05/2003,31.977
08/05/2003,32.367
09/05/2003,32.860
12/05/2003,33.021
13/05/2003,33.266
14/05/2003,33.161
15/05/2003,33.222
16/05/2003,33.373
19/05/2003,33.431
20/05/2003,33.672
21/05/2003,33.831
22/05/2003,33.920
23/05/2003,33.740
26/05/2003,33.749
27/05/2003,33.895
28/05/2003,33.806
29/05/2003,34.177
30/05/2003,34.149
02/06/2003,34.294
03/06/2003,34.502
04/06/2003,34.599
05/06/2003,34.708
06/06/2003,34.848
09/06/2003,35.114
10/06/2003,35.370
11/06/2003,35.265
12/06/2003,35.715
13/06/2003,36.243
17/06/2003,36.548
18/06/2003,36.766
19/06/2003,36.804
20/06/2003,36.972
23/06/2003,37.270
24/06/2003,37.551
25/06/2003,37.453
26/06/2003,37.725
27/06/2003,37.622
30/06/2003,37.674
01/07/2003,37.918
02/07/2003,37.765
03/07/2003,37.944
04/07/2003,37.799
07/07/2003,37.974
08/07/2003,38.113
10/07/2003,38.011
11/07/2003,37.889
14/07/2003,37.987
15/07/2003,38.180
16/07/2003,37.961
17/07/2003,37.673
18/07/2003,37.678
21/07/2003,37.832
22/07/2003,37.957
23/07/2003,37.834
24/07/2003,38.034
25/07/2003,38.054
28/07/2003,38.161
29/07/2003,38.461
30/07/2003,38.531
31/07/2003,38.573
01/08/2003,38.701
04/08/2003,38.259
05/08/2003,38.282
06/08/2003,38.183
07/08/2003,38.198
08/08/2003,38.170
11/08/2003,38.394
12/08/2003,38.479
13/08/2003,38.956
14/08/2003,39.024
15/08/2003,39.007
19/08/2003,39.328
20/08/2003,39.352
21/08/2003,39.427
22/08/2003,39.352
25/08/2003,39.386
26/08/2003,39.576
27/08/2003,39.592
28/08/2003,39.629
29/08/2003,39.813
01/09/2003,39.922
02/09/2003,39.966
03/09/2003,39.947
04/09/2003,39.929
05/09/2003,39.958
08/09/2003,39.996
09/09/2003,40.102
10/09/2003,40.072
11/09/2003,39.413
12/09/2003,39.359
15/09/2003,39.409
16/09/2003,39.426
17/09/2003,39.398
18/09/2003,39.490
19/09/2003,39.669
22/09/2003,39.678
23/09/2003,39.704
24/09/2003,39.659
25/09/2003,39.718
26/09/2003,39.598
29/09/2003,39.724
30/09/2003,40.477
01/10/2003,41.019
02/10/2003,40.994
03/10/2003,41.038
06/10/2003,41.049
07/10/2003,41.144
08/10/2003,41.259
09/10/2003,41.364
10/10/2003,41.436
14/10/2003,41.337
15/10/2003,41.488
16/10/2003,41.576
17/10/2003,41.653
20/10/2003,41.864
21/10/2003,41.974
22/10/2003,42.073
23/10/2003,42.201
24/10/2003,42.313
27/10/2003,42.434
28/10/2003,42.605
29/10/2003,42.702
30/10/2003,42.829
31/10/2003,42.946
03/11/2003,42.928
04/11/2003,42.958
05/11/2003,43.007
07/11/2003,43.044
10/11/2003,43.164
11/11/2003,43.174
12/11/2003,43.277
13/11/2003,43.357
14/11/2003,43.404
17/11/2003,43.537
18/11/2003,43.614
19/11/2003,43.738
20/11/2003,43.828
21/11/2003,43.861
24/11/2003,43.933
25/11/2003,44.026
26/11/2003,44.050
27/11/2003,44.057
28/11/2003,44.157
01/12/2003,44.265
02/12/2003,44.305
03/12/2003,44.360
04/12/2003,44.432
05/12/2003,44.549
09/12/2003,44.680
10/12/2003,44.685
11/12/2003,44.725
12/12/2003,44.948
15/12/2003,45.035
16/12/2003,45.105
17/12/2003,45.313
18/12/2003,45.441
19/12/2003,45.618
22/12/2003,45.738
23/12/2003,46.411
24/12/2003,46.406
26/12/2003,46.608
29/12/2003,46.754
30/12/2003,46.564
31/12/2003,46.391
02/01/2004,46.747
05/01/2004,46.758
06/01/2004,46.874
07/01/2004,46.755
08/01/2004,46.869
09/01/2004,46.974
12/01/2004,47.053
13/01/2004,46.920
14/01/2004,46.902
15/01/2004,47.066
16/01/2004,47.158
19/01/2004,47.219
20/01/2004,47.278
21/01/2004,47.103
22/01/2004,46.924
23/01/2004,47.080
26/01/2004,47.140
27/01/2004,47.194
28/01/2004,46.901
29/01/2004,46.936
30/01/2004,46.994
02/02/2004,47.035
03/02/2004,47.359
04/02/2004,47.201
05/02/2004,47.202
06/02/2004,46.864
09/02/2004,46.934
10/02/2004,46.958
11/02/2004,46.750
12/02/2004,46.689
13/02/2004,46.799
16/02/2004,46.752
17/02/2004,46.796
18/02/2004,46.636
19/02/2004,46.659
20/02/2004,46.831
23/02/2004,46.884
24/02/2004,46.914
25/02/2004,46.866
26/02/2004,46.874
27/02/2004,46.892
01/03/2004,46.892
02/03/2004,46.734
03/03/2004,46.606
04/03/2004,46.604
05/03/2004,46.643
08/03/2004,46.665
09/03/2004,43.425
10/03/2004,43.406
11/03/2004,43.464
12/03/2004,43.518
15/03/2004,43.235
16/03/2004,43.301
17/03/2004,43.574
18/03/2004,43.639
19/03/2004,42.847
22/03/2004,42.924
23/03/2004,43.009
24/03/2004,42.924
25/03/2004,44.489
26/03/2004,45.159
29/03/2004,45.226
30/03/2004,45.310
31/03/2004,45.633
01/04/2004,45.768
02/04/2004,45.682
06/04/2004,45.758
07/04/2004,45.660
12/04/2004,45.785
13/04/2004,45.876
14/04/2004,45.827
15/04/2004,45.821
16/04/2004,45.961
19/04/2004,46.151
20/04/2004,46.225
21/04/2004,46.260
22/04/2004,46.308
23/04/2004,46.575
26/04/2004,46.721
27/04/2004,46.818
28/04/2004,46.806
29/04/2004,46.935
30/04/2004,47.065
03/05/2004,47.151
04/05/2004,46.308
05/05/2004,46.343
06/05/2004,46.470
07/05/2004,46.609
10/05/2004,46.770
11/05/2004,46.909
12/05/2004,46.811
13/05/2004,46.932
14/05/2004,47.079
17/05/2004,46.837
18/05/2004,46.929
19/05/2004,47.151
20/05/2004,47.280
21/05/2004,47.428
24/05/2004,47.555
26/05/2004,47.685
27/05/2004,47.742
28/05/2004,47.736
31/05/2004,47.650
01/06/2004,47.763
02/06/2004,47.775
03/06/2004,47.909
04/06/2004,47.575
07/06/2004,47.699
08/06/2004,47.790
09/06/2004,47.731
10/06/2004,47.806
11/06/2004,47.765
14/06/2004,47.911
15/06/2004,47.995
16/06/2004,47.996
17/06/2004,48.086
18/06/2004,48.033
22/06/2004,48.125
23/06/2004,48.068
24/06/2004,48.181
25/06/2004,48.327
28/06/2004,48.383
29/06/2004,48.531
30/06/2004,48.627
01/07/2004,48.297
02/07/2004,47.933
05/07/2004,47.557
06/07/2004,47.266
07/07/2004,46.500
08/07/2004,45.937
12/07/2004,45.858
13/07/2004,45.592
14/07/2004,45.526
15/07/2004,45.214
16/07/2004,45.170
19/07/2004,45.513
20/07/2004,45.943
21/07/2004,46.331
22/07/2004,46.720
23/07/2004,46.650
26/07/2004,46.911
27/07/2004,46.919
28/07/2004,46.962
29/07/2004,47.103
30/07/2004,47.062
02/08/2004,47.284
03/08/2004,47.048
04/08/2004,47.034
05/08/2004,46.820
06/08/2004,46.978
09/08/2004,46.754
10/08/2004,46.571
11/08/2004,46.181
12/08/2004,45.543
13/08/2004,45.248
17/08/2004,46.094
18/08/2004,46.387
19/08/2004,46.341
20/08/2004,46.456
23/08/2004,46.289
24/08/2004,46.282
25/08/2004,46.111
26/08/2004,46.455
27/08/2004,47.246
30/08/2004,47.024
31/08/2004,47.407
01/09/2004,46.841
02/09/2004,46.225
03/09/2004,46.529
06/09/2004,46.488
07/09/2004,46.508
08/09/2004,46.377
09/09/2004,46.409
10/09/2004,46.194
13/09/2004,45.630
14/09/2004,46.027
15/09/2004,46.113
16/09/2004,46.340
17/09/2004,46.160
20/09/2004,46.530
21/09/2004,46.159
22/09/2004,46.307
23/09/2004,46.357
24/09/2004,45.988
27/09/2004,46.117
28/09/2004,46.493
29/09/2004,46.984
30/09/2004,47.534
01/10/2004,47.523
04/10/2004,47.067
05/10/2004,46.901
06/10/2004,46.991
07/10/2004,46.986
08/10/2004,47.120
12/10/2004,47.002
13/10/2004,46.925
14/10/2004,46.662
15/10/2004,46.680
18/10/2004,45.813
19/10/2004,46.802
20/10/2004,46.393
21/10/2004,46.134
22/10/2004,46.071
25/10/2004,45.859
26/10/2004,45.867
27/10/2004,45.612
28/10/2004,45.372
29/10/2004,45.891
01/11/2004,46.104
02/11/2004,46.219
03/11/2004,46.589
04/11/2004,46.597
05/11/2004,46.809
08/11/2004,47.006
09/11/2004,46.947
10/11/2004,46.876
11/11/2004,46.701
12/11/2004,46.447
15/11/2004,46.485
16/11/2004,46.515
17/11/2004,46.431
18/11/2004,46.766
19/11/2004,47.151
22/11/2004,47.381
23/11/2004,47.591
24/11/2004,47.813
25/11/2004,47.927
26/11/2004,48.495
29/11/2004,48.592
30/11/2004,48.675
01/12/2004,48.779
02/12/2004,48.968
03/12/2004,49.144
06/12/2004,49.210
07/12/2004,49.514
09/12/2004,49.688
10/12/2004,49.692
13/12/2004,49.983
14/12/2004,50.298
15/12/2004,49.972
16/12/2004,50.787
17/12/2004,51.345
20/12/2004,51.497
21/12/2004,51.666
22/12/2004,51.059
23/12/2004,51.236
24/12/2004,51.397
27/12/2004,51.645
28/12/2004,51.758
29/12/2004,51.754
30/12/2004,52.093
31/12/2004,52.477
03/01/2005,52.537
04/01/2005,52.310
05/01/2005,51.857
06/01/2005,51.825
07/01/2005,51.573
10/01/2005,50.551
11/01/2005,50.205
12/01/2005,49.815
13/01/2005,49.836
14/01/2005,49.327
17/01/2005,49.816
18/01/2005,49.589
19/01/2005,49.228
20/01/2005,49.604
21/01/2005,49.425
24/01/2005,49.559
25/01/2005,47.619
26/01/2005,47.549
27/01/2005,48.853
28/01/2005,48.960
31/01/2005,49.363
01/02/2005,50.199
02/02/2005,49.141
03/02/2005,49.295
04/02/2005,49.517
07/02/2005,49.567
08/02/2005,49.218
09/02/2005,49.197
10/02/2005,50.211
11/02/2005,49.619
14/02/2005,49.329
15/02/2005,48.629
16/02/2005,47.974
17/02/2005,48.740
18/02/2005,49.457
21/02/2005,49.701
22/02/2005,49.617
23/02/2005,48.819
24/02/2005,49.865
25/02/2005,50.040
28/02/2005,49.664
01/03/2005,49.776
02/03/2005,48.894
03/03/2005,49.086
04/03/2005,49.283
07/03/2005,49.797
08/03/2005,49.747
09/03/2005,49.688
10/03/2005,49.497
11/03/2005,49.737
14/03/2005,50.040
15/03/2005,50.200
16/03/2005,49.870
17/03/2005,49.871
18/03/2005,49.835
21/03/2005,50.013
22/03/2005,50.113
23/03/2005,49.756
28/03/2005,49.763
29/03/2005,50.264
30/03/2005,50.968
31/03/2005,50.203
01/04/2005,49.662
04/04/2005,50.506
05/04/2005,50.954
06/04/2005,50.089
07/04/2005,49.814
08/04/2005,49.685
11/04/2005,50.270
12/04/2005,50.186
13/04/2005,50.619
14/04/2005,50.781
15/04/2005,50.757
18/04/2005,50.505
19/04/2005,50.459
20/04/2005,48.976
21/04/2005,50.042
22/04/2005,49.651
25/04/2005,48.962
26/04/2005,48.288
27/04/2005,48.893
28/04/2005,49.387
29/04/2005,49.845
02/05/2005,49.867
03/05/2005,50.666
04/05/2005,50.725
05/05/2005,51.753
06/05/2005,52.512
09/05/2005,52.827
10/05/2005,52.421
11/05/2005,51.647
12/05/2005,51.143
13/05/2005,50.478
16/05/2005,49.970
17/05/2005,50.185
18/05/2005,49.062
19/05/2005,49.485
20/05/2005,49.535
23/05/2005,49.887
24/05/2005,50.320
26/05/2005,51.608
27/05/2005,52.260
30/05/2005,52.190
31/05/2005,52.142
01/06/2005,51.645
02/06/2005,51.961
03/06/2005,52.832
06/06/2005,53.064
07/06/2005,53.463
08/06/2005,51.366
09/06/2005,51.176
10/06/2005,51.464
13/06/2005,51.567
14/06/2005,51.743
15/06/2005,51.522
16/06/2005,51.512
17/06/2005,50.647
21/06/2005,51.089
22/06/2005,49.003
23/06/2005,49.083
24/06/2005,50.962
27/06/2005,51.748
28/06/2005,52.434
29/06/2005,53.500
30/06/2005,51.424
01/07/2005,53.075
04/07/2005,53.397
05/07/2005,54.131
06/07/2005,54.862
07/07/2005,54.854
08/07/2005,55.397
11/07/2005,55.326
12/07/2005,55.341
13/07/2005,54.895
14/07/2005,54.548
15/07/2005,54.411
18/07/2005,54.396
19/07/2005,54.548
20/07/2005,54.219
21/07/2005,54.050
22/07/2005,53.835
25/07/2005,54.368
26/07/2005,54.512
27/07/2005,54.272
28/07/2005,54.337
29/07/2005,54.392
01/08/2005,54.780
02/08/2005,54.419
03/08/2005,55.051
04/08/2005,54.948
05/08/2005,54.536
08/08/2005,54.914
09/08/2005,55.024
10/08/2005,54.885
11/08/2005,54.905
12/08/2005,55.132
16/08/2005,55.460
17/08/2005,53.446
18/08/2005,53.293
19/08/2005,53.096
22/08/2005,53.075
23/08/2005,52.706
24/08/2005,52.770
25/08/2005,53.182
26/08/2005,53.198
29/08/2005,52.987
30/08/2005,54.735
31/08/2005,55.529
01/09/2005,53.761
02/09/2005,53.249
05/09/2005,53.588
06/09/2005,53.379
07/09/2005,53.333
08/09/2005,53.360
09/09/2005,53.300
12/09/2005,53.482
13/09/2005,53.360
14/09/2005,52.758
15/09/2005,53.287
16/09/2005,53.188
19/09/2005,53.065
20/09/2005,53.053
21/09/2005,52.562
22/09/2005,52.922
23/09/2005,53.213
26/09/2005,52.703
27/09/2005,52.729
28/09/2005,52.485
29/09/2005,52.227
30/09/2005,52.643
03/10/2005,53.932
04/10/2005,53.736
05/10/2005,54.299
06/10/2005,54.568
07/10/2005,55.026
11/10/2005,55.251
12/10/2005,55.145
13/10/2005,55.385
14/10/2005,55.447
17/10/2005,55.517
18/10/2005,55.725
19/10/2005,55.456
20/10/2005,54.995
21/10/2005,55.173
24/10/2005,54.961
25/10/2005,55.371
26/10/2005,55.534
27/10/2005,56.384
28/10/2005,56.143
31/10/2005,55.910
01/11/2005,55.729
02/11/2005,55.400
03/11/2005,55.216
04/11/2005,55.282
07/11/2005,55.454
08/11/2005,55.658
09/11/2005,55.801
10/11/2005,55.968
11/11/2005,55.874
14/11/2005,55.862
15/11/2005,56.309
16/11/2005,55.407
17/11/2005,56.604
18/11/2005,56.651
21/11/2005,56.385
22/11/2005,56.436
23/11/2005,56.138
24/11/2005,56.796
25/11/2005,56.017
28/11/2005,55.383
29/11/2005,55.276
30/11/2005,55.892
01/12/2005,57.429
02/12/2005,56.924
05/12/2005,56.761
06/12/2005,56.410
07/12/2005,55.375
09/12/2005,55.104
12/12/2005,55.158
13/12/2005,55.251
14/12/2005,55.148
15/12/2005,55.715
16/12/2005,55.844
19/12/2005,54.834
20/12/2005,54.673
21/12/2005,55.889
22/12/2005,56.236
23/12/2005,56.346
26/12/2005,56.462
27/12/2005,56.937
28/12/2005,55.661
29/12/2005,55.250
30/12/2005,54.710
31/12/2005,54.710
02/01/2006,54.900
03/01/2006,54.823
04/01/2006,55.483
05/01/2006,58.893
06/01/2006,59.931
09/01/2006,60.080
10/01/2006,60.286
11/01/2006,60.637
12/01/2006,60.564
13/01/2006,60.522
16/01/2006,60.537
17/01/2006,59.750
18/01/2006,59.849
19/01/2006,59.887
20/01/2006,59.874
23/01/2006,59.951
24/01/2006,59.967
25/01/2006,60.147
26/01/2006,60.037
27/01/2006,59.692
30/01/2006,59.653
31/01/2006,59.789
01/02/2006,59.188
02/02/2006,58.873
03/02/2006,59.107
06/02/2006,58.791
07/02/2006,58.871
08/02/2006,58.691
09/02/2006,58.454
10/02/2006,58.765
13/02/2006,58.782
14/02/2006,58.622
15/02/2006,58.314
16/02/2006,58.394
17/02/2006,58.169
20/02/2006,58.254
21/02/2006,58.192
22/02/2006,57.446
23/02/2006,57.977
24/02/2006,57.896
27/02/2006,58.014
28/02/2006,57.264
01/03/2006,57.598
02/03/2006,57.625
03/03/2006,57.909
06/03/2006,58.223
07/03/2006,58.557
08/03/2006,57.983
09/03/2006,58.274
10/03/2006,58.470
13/03/2006,58.424
14/03/2006,58.420
15/03/2006,58.471
16/03/2006,58.798
17/03/2006,58.857
20/03/2006,59.066
21/03/2006,59.306
22/03/2006,59.301
23/03/2006,58.906
27/03/2006,58.677
28/03/2006,58.758
29/03/2006,57.910
30/03/2006,57.391
31/03/2006,59.091
03/04/2006,59.654
04/04/2006,59.417
05/04/2006,59.793
06/04/2006,59.737
07/04/2006,59.990
10/04/2006,60.086
11/04/2006,60.473
12/04/2006,60.599
17/04/2006,60.757
18/04/2006,60.263
19/04/2006,60.136
20/04/2006,60.263
21/04/2006,60.384
24/04/2006,60.261
25/04/2006,60.908
26/04/2006,60.835
27/04/2006,60.380
28/04/2006,60.535
02/05/2006,61.104
03/05/2006,61.385
04/05/2006,61.121
05/05/2006,61.374
08/05/2006,61.352
09/05/2006,61.144
10/05/2006,61.341
11/05/2006,61.655
12/05/2006,61.440
15/05/2006,61.909
16/05/2006,61.497
17/05/2006,61.350
18/05/2006,61.442
19/05/2006,59.752
22/05/2006,61.756
23/05/2006,61.559
24/05/2006,61.272
26/05/2006,61.246
29/05/2006,60.706
30/05/2006,60.218
31/05/2006,60.197
01/06/2006,61.433
02/06/2006,61.513
05/06/2006,61.934
06/06/2006,61.896
07/06/2006,61.734
08/06/2006,62.083
09/06/2006,62.439
12/06/2006,62.291
13/06/2006,62.566
14/06/2006,62.698
15/06/2006,63.310
16/06/2006,63.698
20/06/2006,63.748
21/06/2006,63.251
22/06/2006,62.657
23/06/2006,63.054
26/06/2006,63.127
27/06/2006,63.155
28/06/2006,63.046
29/06/2006,63.491
30/06/2006,63.563
03/07/2006,64.538
04/07/2006,64.371
05/07/2006,64.788
06/07/2006,65.116
07/07/2006,65.455
10/07/2006,65.380
11/07/2006,65.654
12/07/2006,65.020
13/07/2006,65.302
14/07/2006,65.174
17/07/2006,65.508
18/07/2006,65.874
19/07/2006,65.338
20/07/2006,65.164
21/07/2006,65.442
24/07/2006,65.559
25/07/2006,65.807
26/07/2006,65.455
27/07/2006,65.052
28/07/2006,65.070
31/07/2006,64.693
01/08/2006,66.674
02/08/2006,66.311
03/08/2006,66.995
04/08/2006,67.037
07/08/2006,67.296
08/08/2006,66.997
09/08/2006,66.981
10/08/2006,67.802
11/08/2006,67.903
14/08/2006,67.793
15/08/2006,68.338
16/08/2006,67.597
17/08/2006,67.779
18/08/2006,67.348
22/08/2006,67.956
23/08/2006,67.587
24/08/2006,67.533
25/08/2006,67.193
28/08/2006,67.156
29/08/2006,66.681
30/08/2006,66.407
31/08/2006,65.617
01/09/2006,67.683
04/09/2006,67.829
05/09/2006,68.081
06/09/2006,67.929
07/09/2006,68.138
08/09/2006,68.367
11/09/2006,68.705
12/09/2006,68.744
13/09/2006,68.951
14/09/2006,69.369
15/09/2006,69.869
18/09/2006,69.872
19/09/2006,69.882
20/09/2006,69.775
21/09/2006,69.688
22/09/2006,69.748
25/09/2006,70.374
26/09/2006,70.660
27/09/2006,70.074
28/09/2006,70.868
29/09/2006,69.428
02/10/2006,70.290
03/10/2006,70.259
04/10/2006,70.256
05/10/2006,70.735
06/10/2006,71.283
09/10/2006,70.610
10/10/2006,70.873
11/10/2006,70.537
12/10/2006,70.619
13/10/2006,70.915
17/10/2006,71.110
18/10/2006,71.128
19/10/2006,71.052
20/10/2006,70.719
23/10/2006,69.633
24/10/2006,69.871
25/10/2006,69.161
26/10/2006,68.235
27/10/2006,68.579
30/10/2006,68.316
31/10/2006,67.893
01/11/2006,69.202
02/11/2006,69.878
03/11/2006,70.575
07/11/2006,70.663
08/11/2006,70.418
09/11/2006,71.386
10/11/2006,72.430
13/11/2006,70.910
14/11/2006,71.156
15/11/2006,71.553
16/11/2006,71.437
17/11/2006,72.739
20/11/2006,73.007
21/11/2006,72.891
22/11/2006,72.810
23/11/2006,73.074
24/11/2006,73.338
27/11/2006,72.393
28/11/2006,72.447
29/11/2006,71.219
30/11/2006,73.039
01/12/2006,73.847
04/12/2006,73.511
05/12/2006,74.320
06/12/2006,74.288
07/12/2006,74.736
11/12/2006,75.114
12/12/2006,75.478
13/12/2006,75.915
14/12/2006,75.839
15/12/2006,76.144
18/12/2006,76.399
19/12/2006,76.898
20/12/2006,77.397
21/12/2006,79.731
22/12/2006,79.632
26/12/2006,79.816
27/12/2006,79.549
28/12/2006,79.665
29/12/2006,80.066
02/01/2007,80.121
03/01/2007,79.830
04/01/2007,79.554
05/01/2007,78.949
08/01/2007,78.672
09/01/2007,78.944
10/01/2007,78.893
11/01/2007,78.811
12/01/2007,79.070
15/01/2007,79.203
16/01/2007,78.573
17/01/2007,76.975
18/01/2007,76.340
19/01/2007,76.978
22/01/2007,78.118
23/01/2007,77.422
24/01/2007,76.386
25/01/2007,77.248
26/01/2007,76.995
29/01/2007,76.723
30/01/2007,75.767
31/01/2007,76.329
01/02/2007,76.045
02/02/2007,77.460
05/02/2007,78.710
06/02/2007,78.376
07/02/2007,77.251
08/02/2007,77.279
09/02/2007,76.776
12/02/2007,77.010
13/02/2007,76.885
14/02/2007,76.678
15/02/2007,77.209
16/02/2007,76.447
19/02/2007,76.804
20/02/2007,77.424
21/02/2007,77.671
22/02/2007,76.762
23/02/2007,76.597
26/02/2007,76.157
27/02/2007,75.952
28/02/2007,75.328
01/03/2007,77.994
02/03/2007,77.755
05/03/2007,78.217
06/03/2007,78.533
07/03/2007,78.286
08/03/2007,78.261
09/03/2007,78.481
12/03/2007,78.472
13/03/2007,78.571
14/03/2007,78.453
15/03/2007,79.038
16/03/2007,78.753
19/03/2007,78.604
20/03/2007,78.379
21/03/2007,78.218
22/03/2007,77.853
23/03/2007,77.987
26/03/2007,78.641
27/03/2007,78.593
28/03/2007,78.305
29/03/2007,78.312
30/03/2007,78.797
03/04/2007,80.476
04/04/2007,80.472
09/04/2007,80.390
10/04/2007,80.473
11/04/2007,80.587
12/04/2007,80.213
13/04/2007,80.319
16/04/2007,80.182
17/04/2007,79.494
18/04/2007,79.294
19/04/2007,79.624
20/04/2007,78.932
23/04/2007,78.913
24/04/2007,79.289
25/04/2007,78.740
26/04/2007,79.194
27/04/2007,79.444
30/04/2007,77.733
02/05/2007,80.454
03/05/2007,80.417
04/05/2007,81.140
07/05/2007,81.370
08/05/2007,81.696
09/05/2007,81.222
10/05/2007,81.732
11/05/2007,82.259
14/05/2007,82.350
15/05/2007,82.328
16/05/2007,81.225
17/05/2007,81.332
18/05/2007,81.329
21/05/2007,81.871
22/05/2007,81.987
23/05/2007,79.141
24/05/2007,81.243
28/05/2007,79.756
29/05/2007,80.451
30/05/2007,79.006
31/05/2007,78.517
01/06/2007,83.614
04/06/2007,84.082
05/06/2007,84.012
06/06/2007,83.069
07/06/2007,82.889
08/06/2007,83.273
11/06/2007,83.251
12/06/2007,82.596
13/06/2007,82.670
14/06/2007,83.145
15/06/2007,83.883
19/06/2007,84.259
20/06/2007,83.991
21/06/2007,83.282
22/06/2007,83.909
25/06/2007,84.155
26/06/2007,83.469
27/06/2007,84.299
28/06/2007,85.044
29/06/2007,83.675
02/07/2007,86.171
03/07/2007,86.244
04/07/2007,85.795
05/07/2007,86.074
06/07/2007,86.545
10/07/2007,86.848
11/07/2007,87.332
12/07/2007,87.445
13/07/2007,87.627
16/07/2007,88.122
17/07/2007,87.911
18/07/2007,87.317
19/07/2007,87.841
20/07/2007,88.285
23/07/2007,88.612
24/07/2007,88.788
25/07/2007,88.917
26/07/2007,88.978
27/07/2007,89.440
30/07/2007,89.553
31/07/2007,89.691
01/08/2007,89.503
02/08/2007,89.727
03/08/2007,89.438
06/08/2007,89.219
07/08/2007,89.243
08/08/2007,89.153
09/08/2007,89.150
10/08/2007,89.469
13/08/2007,88.735
14/08/2007,88.592
15/08/2007,89.026
16/08/2007,88.760
17/08/2007,88.253
21/08/2007,88.194
22/08/2007,87.856
23/08/2007,87.872
24/08/2007,87.351
27/08/2007,86.771
28/08/2007,86.304
29/08/2007,85.728
30/08/2007,85.062
31/08/2007,87.451
03/09/2007,88.325
04/09/2007,88.945
05/09/2007,89.523
06/09/2007,90.151
07/09/2007,89.153
10/09/2007,89.187
11/09/2007,89.211
12/09/2007,89.737
13/09/2007,89.562
14/09/2007,88.567
17/09/2007,88.281
18/09/2007,87.925
19/09/2007,87.826
20/09/2007,87.231
21/09/2007,86.243
24/09/2007,86.110
25/09/2007,85.991
26/09/2007,85.958
27/09/2007,85.523
28/09/2007,86.218
01/10/2007,88.431
02/10/2007,88.043
03/10/2007,88.261
04/10/2007,88.629
05/10/2007,88.665
08/10/2007,88.806
09/10/2007,88.713
10/10/2007,88.898
11/10/2007,88.658
12/10/2007,88.630
16/10/2007,88.938
17/10/2007,89.147
18/10/2007,89.019
19/10/2007,88.760
22/10/2007,88.689
23/10/2007,87.689
24/10/2007,87.537
25/10/2007,87.658
26/10/2007,87.278
29/10/2007,86.339
30/10/2007,86.067
31/10/2007,85.147
01/11/2007,87.291
02/11/2007,88.351
05/11/2007,88.834
07/11/2007,89.706
08/11/2007,90.401
09/11/2007,89.683
12/11/2007,89.658
13/11/2007,89.650
14/11/2007,90.613
15/11/2007,91.214
16/11/2007,89.563
19/11/2007,88.463
20/11/2007,89.119
21/11/2007,89.021
22/11/2007,90.225
23/11/2007,90.391
26/11/2007,90.426
27/11/2007,89.822
28/11/2007,89.388
29/11/2007,88.874
30/11/2007,89.767
03/12/2007,91.612
04/12/2007,93.225
05/12/2007,93.323
06/12/2007,94.006
07/12/2007,94.801
10/12/2007,94.797
11/12/2007,95.128
12/12/2007,96.192
13/12/2007,96.620
14/12/2007,96.849
17/12/2007,96.917
18/12/2007,97.014
19/12/2007,98.288
20/12/2007,98.996
21/12/2007,98.675
26/12/2007,98.436
27/12/2007,98.460
28/12/2007,99.279
02/01/2008,99.734
03/01/2008,99.016
04/01/2008,98.129
07/01/2008,98.462
08/01/2008,98.377
09/01/2008,98.345
10/01/2008,99.041
11/01/2008,98.823
14/01/2008,99.564
15/01/2008,99.488
16/01/2008,97.952
17/01/2008,97.580
18/01/2008,97.465
21/01/2008,97.745
22/01/2008,97.521
23/01/2008,96.741
24/01/2008,96.288
25/01/2008,95.578
28/01/2008,95.317
29/01/2008,95.525
30/01/2008,94.447
31/01/2008,94.466
01/02/2008,94.219
04/02/2008,94.748
05/02/2008,94.068
06/02/2008,93.366
07/02/2008,94.242
08/02/2008,94.917
11/02/2008,95.626
12/02/2008,95.974
13/02/2008,95.177
14/02/2008,95.760
15/02/2008,95.766
18/02/2008,95.025
19/02/2008,94.814
20/02/2008,95.019
21/02/2008,96.279
22/02/2008,95.464
25/02/2008,96.141
26/02/2008,96.333
27/02/2008,95.854
28/02/2008,96.126
29/02/2008,97.513
03/03/2008,98.838
04/03/2008,98.034
05/03/2008,98.227
06/03/2008,97.526
07/03/2008,98.164
10/03/2008,98.032
11/03/2008,97.719
12/03/2008,97.114
13/03/2008,97.508
14/03/2008,98.258
17/03/2008,98.905
18/03/2008,97.781
19/03/2008,97.912
25/03/2008,97.431
26/03/2008,97.880
27/03/2008,96.845
28/03/2008,97.418
31/03/2008,98.437
01/04/2008,100.072
03/04/2008,99.936
04/04/2008,99.373
07/04/2008,98.692
08/04/2008,97.798
09/04/2008,97.722
10/04/2008,97.661
11/04/2008,97.786
14/04/2008,97.384
15/04/2008,97.148
16/04/2008,95.682
17/04/2008,95.777
18/04/2008,95.708
21/04/2008,97.190
22/04/2008,97.912
23/04/2008,99.124
24/04/2008,99.045
25/04/2008,99.223
28/04/2008,97.938
29/04/2008,97.612
30/04/2008,98.099
02/05/2008,100.214
05/05/2008,99.861
06/05/2008,99.340
07/05/2008,99.999
08/05/2008,99.540
09/05/2008,99.277
12/05/2008,99.455
13/05/2008,99.670
14/05/2008,100.144
15/05/2008,100.886
16/05/2008,99.726
19/05/2008,100.512
20/05/2008,97.469
21/05/2008,98.230
22/05/2008,97.605
23/05/2008,97.038
26/05/2008,98.003
27/05/2008,96.583
28/05/2008,96.466
29/05/2008,96.564
30/05/2008,97.256
02/06/2008,99.222
03/06/2008,99.775
04/06/2008,100.004
05/06/2008,99.424
06/06/2008,99.874
09/06/2008,99.701
10/06/2008,99.711
11/06/2008,100.518
12/06/2008,100.215
13/06/2008,100.007
17/06/2008,100.237
18/06/2008,99.465
19/06/2008,99.617
20/06/2008,102.195
23/06/2008,102.171
24/06/2008,102.275
25/06/2008,102.108
26/06/2008,101.990
27/06/2008,101.070
30/06/2008,102.223
01/07/2008,101.062
02/07/2008,100.993
03/07/2008,101.432
04/07/2008,100.838
07/07/2008,101.488
08/07/2008,101.019
10/07/2008,102.552
11/07/2008,102.662
14/07/2008,103.000
15/07/2008,103.650
16/07/2008,103.250
17/07/2008,100.968
18/07/2008,101.065
21/07/2008,101.576
22/07/2008,100.541
23/07/2008,100.668
24/07/2008,99.721
25/07/2008,98.533
28/07/2008,97.603
29/07/2008,96.754
30/07/2008,96.664
31/07/2008,97.710
01/08/2008,103.492
04/08/2008,103.045
05/08/2008,101.464
06/08/2008,101.617
07/08/2008,101.875
08/08/2008,101.680
11/08/2008,102.824
12/08/2008,102.335
13/08/2008,101.704
14/08/2008,101.650
15/08/2008,101.539
19/08/2008,100.227
20/08/2008,98.613
21/08/2008,97.855
22/08/2008,98.320
25/08/2008,99.877
26/08/2008,98.879
27/08/2008,98.213
28/08/2008,98.342
29/08/2008,99.090
01/09/2008,102.312
02/09/2008,102.783
03/09/2008,102.951
04/09/2008,102.822
05/09/2008,102.802
08/09/2008,103.312
09/09/2008,103.899
10/09/2008,103.698
11/09/2008,102.757
12/09/2008,102.699
15/09/2008,102.965
16/09/2008,101.975
17/09/2008,101.651
18/09/2008,101.278
19/09/2008,99.981
22/09/2008,100.131
23/09/2008,100.389
24/09/2008,99.659
25/09/2008,99.269
26/09/2008,99.638
29/09/2008,100.304
30/09/2008,101.339
01/10/2008,104.307
02/10/2008,104.039
03/10/2008,102.284
06/10/2008,102.834
07/10/2008,102.861
08/10/2008,102.422
09/10/2008,103.082
10/10/2008,104.055
14/10/2008,103.947
15/10/2008,103.975
16/10/2008,103.736
17/10/2008,102.827
20/10/2008,101.979
21/10/2008,100.404
22/10/2008,99.835
23/10/2008,100.988
24/10/2008,100.493
27/10/2008,99.916
28/10/2008,99.063
29/10/2008,102.437
30/10/2008,103.833
31/10/2008,103.360
03/11/2008,103.132
04/11/2008,101.780
05/11/2008,101.744
07/11/2008,101.811
10/11/2008,100.403
11/11/2008,100.687
12/11/2008,101.174
13/11/2008,100.676
14/11/2008,100.856
17/11/2008,99.978
18/11/2008,99.341
19/11/2008,100.261
20/11/2008,98.364
21/11/2008,99.884
24/11/2008,100.760
25/11/2008,101.528
26/11/2008,101.879
27/11/2008,101.960
28/11/2008,101.529
01/12/2008,104.314
02/12/2008,103.895
03/12/2008,103.679
04/12/2008,103.839
05/12/2008,105.775
09/12/2008,102.584
10/12/2008,103.713
11/12/2008,103.502
12/12/2008,105.063
15/12/2008,104.289
16/12/2008,103.489
17/12/2008,101.442
18/12/2008,105.200
19/12/2008,107.993
22/12/2008,108.677
23/12/2008,106.792
24/12/2008,110.006
26/12/2008,110.526
29/12/2008,110.348
30/12/2008,110.526
31/12/2008,109.449
02/01/2009,109.709
05/01/2009,107.438
06/01/2009,105.702
07/01/2009,105.947
08/01/2009,105.211
09/01/2009,105.443
12/01/2009,105.732
13/01/2009,106.155
14/01/2009,105.753
15/01/2009,105.229
16/01/2009,104.149
19/01/2009,103.161
20/01/2009,102.449
21/01/2009,103.290
22/01/2009,103.726
23/01/2009,104.174
26/01/2009,104.020
27/01/2009,103.998
28/01/2009,101.699
29/01/2009,100.823
30/01/2009,104.268
02/02/2009,104.238
03/02/2009,103.996
04/02/2009,102.983
05/02/2009,103.075
06/02/2009,102.610
09/02/2009,102.723
10/02/2009,103.894
11/02/2009,105.072
12/02/2009,105.029
13/02/2009,103.810
16/02/2009,103.458
17/02/2009,100.738
18/02/2009,100.094
19/02/2009,101.840
20/02/2009,101.427
23/02/2009,101.756
24/02/2009,101.684
25/02/2009,102.273
26/02/2009,101.638
27/02/2009,102.208
02/03/2009,105.754
03/03/2009,104.738
04/03/2009,105.192
05/03/2009,104.234
06/03/2009,102.902
09/03/2009,102.661
10/03/2009,101.073
11/03/2009,101.398
12/03/2009,101.233
13/03/2009,100.102
16/03/2009,100.565
17/03/2009,99.306
18/03/2009,100.697
19/03/2009,100.736
20/03/2009,101.298
23/03/2009,101.922
25/03/2009,102.196
26/03/2009,100.639
27/03/2009,99.242
30/03/2009,96.985
31/03/2009,97.681
01/04/2009,103.496
03/04/2009,103.341
06/04/2009,101.337
07/04/2009,101.918
08/04/2009,100.547
13/04/2009,100.011
14/04/2009,99.187
15/04/2009,99.258
16/04/2009,99.022
17/04/2009,97.341
20/04/2009,97.951
21/04/2009,97.689
22/04/2009,97.724
23/04/2009,98.505
24/04/2009,98.810
27/04/2009,98.960
28/04/2009,98.758
29/04/2009,96.881
30/04/2009,99.649
04/05/2009,101.743
05/05/2009,102.038
06/05/2009,102.272
07/05/2009,101.895
08/05/2009,99.942
11/05/2009,101.754
12/05/2009,101.419
13/05/2009,102.080
14/05/2009,101.909
15/05/2009,101.429
18/05/2009,100.707
19/05/2009,98.562
20/05/2009,99.620
21/05/2009,99.764
22/05/2009,100.357
26/05/2009,102.546
27/05/2009,101.186
28/05/2009,101.066
29/05/2009,99.971
01/06/2009,106.068
02/06/2009,106.729
03/06/2009,107.010
04/06/2009,108.811
05/06/2009,108.198
08/06/2009,106.013
09/06/2009,106.700
10/06/2009,104.800
11/06/2009,104.948
12/06/2009,104.103
16/06/2009,103.751
17/06/2009,102.667
18/06/2009,99.487
19/06/2009,100.748
22/06/2009,101.185
23/06/2009,100.581
24/06/2009,99.662
25/06/2009,101.081
26/06/2009,100.972
29/06/2009,100.717
30/06/2009,103.185
01/07/2009,107.878
02/07/2009,107.682
03/07/2009,107.813
06/07/2009,107.927
07/07/2009,107.496
08/07/2009,108.282
13/07/2009,108.796
14/07/2009,108.655
15/07/2009,108.133
16/07/2009,106.674
17/07/2009,103.147
20/07/2009,103.882
21/07/2009,103.450
22/07/2009,103.034
23/07/2009,103.592
24/07/2009,104.855
27/07/2009,104.012
28/07/2009,104.361
29/07/2009,105.011
30/07/2009,103.796
31/07/2009,101.519
03/08/2009,107.924
04/08/2009,108.731
05/08/2009,107.943
06/08/2009,107.035
07/08/2009,106.615
10/08/2009,106.475
11/08/2009,106.306
12/08/2009,106.897
13/08/2009,105.550
14/08/2009,105.248
18/08/2009,105.614
19/08/2009,104.099
20/08/2009,104.617
21/08/2009,104.766
24/08/2009,105.173
25/08/2009,105.733
26/08/2009,104.721
27/08/2009,103.641
28/08/2009,103.637
31/08/2009,104.530
01/09/2009,107.720
02/09/2009,107.869
03/09/2009,109.226
04/09/2009,107.767
07/09/2009,107.365
08/09/2009,106.522
09/09/2009,106.995
10/09/2009,107.189
11/09/2009,106.064
14/09/2009,106.895
15/09/2009,106.632
16/09/2009,106.222
17/09/2009,104.640
18/09/2009,105.465
21/09/2009,105.696
22/09/2009,105.462
23/09/2009,106.016
24/09/2009,105.273
25/09/2009,105.691
28/09/2009,105.456
29/09/2009,104.047
30/09/2009,103.858
01/10/2009,107.358
02/10/2009,107.516
05/10/2009,107.281
06/10/2009,107.639
07/10/2009,107.189
08/10/2009,107.928
09/10/2009,107.084
13/10/2009,108.204
14/10/2009,108.009
15/10/2009,107.729
16/10/2009,107.133
19/10/2009,104.790
20/10/2009,105.465
21/10/2009,107.154
22/10/2009,107.686
23/10/2009,106.630
26/10/2009,107.785
27/10/2009,108.170
28/10/2009,107.228
29/10/2009,108.053
30/10/2009,107.919
02/11/2009,111.085
03/11/2009,110.502
04/11/2009,110.337
05/11/2009,109.567
09/11/2009,109.556
10/11/2009,109.706
11/11/2009,109.211
12/11/2009,110.301
13/11/2009,109.653
16/11/2009,109.562
17/11/2009,107.791
18/11/2009,108.057
19/11/2009,109.823
20/11/2009,107.962
23/11/2009,107.476
24/11/2009,107.918
25/11/2009,109.236
26/11/2009,112.418
27/11/2009,111.170
30/11/2009,110.925
01/12/2009,114.357
02/12/2009,114.858
03/12/2009,115.414
04/12/2009,115.697
07/12/2009,115.251
09/12/2009,115.620
10/12/2009,115.722
11/12/2009,119.104
14/12/2009,120.850
15/12/2009,120.935
16/12/2009,120.388
17/12/2009,118.972
18/12/2009,117.327
21/12/2009,118.629
22/12/2009,120.026
23/12/2009,120.911
24/12/2009,120.937
28/12/2009,122.576
29/12/2009,122.879
30/12/2009,123.362
31/12/2009,122.350
04/01/2010,123.817
05/01/2010,122.306
06/01/2010,122.188
07/01/2010,121.899
08/01/2010,121.735
11/01/2010,121.325
12/01/2010,122.068
13/01/2010,122.912
14/01/2010,122.940
15/01/2010,121.778
18/01/2010,120.793
19/01/2010,120.006
20/01/2010,120.659
21/01/2010,121.273
22/01/2010,121.646
25/01/2010,121.688
26/01/2010,120.622
27/01/2010,120.629
28/01/2010,120.099
29/01/2010,121.318
01/02/2010,123.107
02/02/2010,121.087
03/02/2010,120.764
04/02/2010,120.468
05/02/2010,120.681
08/02/2010,120.585
09/02/2010,120.791
10/02/2010,121.937
11/02/2010,122.678
12/02/2010,122.210
15/02/2010,121.830
16/02/2010,120.649
17/02/2010,118.619
18/02/2010,117.847
19/02/2010,116.452
22/02/2010,116.093
23/02/2010,115.518
24/02/2010,114.498
25/02/2010,115.614
26/02/2010,116.460
01/03/2010,120.646
02/03/2010,122.206
03/03/2010,123.285
04/03/2010,122.707
05/03/2010,121.129
08/03/2010,120.550
09/03/2010,120.641
10/03/2010,120.410
11/03/2010,121.043
12/03/2010,120.724
15/03/2010,119.958
16/03/2010,118.816
17/03/2010,117.162
18/03/2010,119.284
19/03/2010,118.415
22/03/2010,117.386
23/03/2010,118.190
25/03/2010,119.576
26/03/2010,121.001
29/03/2010,119.858
30/03/2010,120.612
31/03/2010,122.613
05/04/2010,124.836
06/04/2010,124.089
07/04/2010,122.215
08/04/2010,120.951
09/04/2010,120.876
12/04/2010,121.591
13/04/2010,122.063
14/04/2010,121.491
15/04/2010,120.559
16/04/2010,118.401
19/04/2010,118.455
20/04/2010,119.168
21/04/2010,119.495
22/04/2010,119.626
23/04/2010,120.180
26/04/2010,120.096
27/04/2010,117.097
28/04/2010,117.897
29/04/2010,116.947
30/04/2010,119.478
03/05/2010,121.989
04/05/2010,124.060
05/05/2010,124.153
06/05/2010,123.018
07/05/2010,124.706
10/05/2010,123.596
11/05/2010,123.380
12/05/2010,124.450
13/05/2010,124.994
14/05/2010,125.277
17/05/2010,124.073
18/05/2010,121.813
19/05/2010,122.200
20/05/2010,124.399
21/05/2010,124.410
26/05/2010,125.306
27/05/2010,123.988
28/05/2010,122.063
31/05/2010,121.601
01/06/2010,127.409
02/06/2010,126.396
03/06/2010,127.551
04/06/2010,127.459
07/06/2010,125.246
08/06/2010,124.580
09/06/2010,124.522
10/06/2010,125.791
11/06/2010,125.531
14/06/2010,125.932
15/06/2010,126.464
16/06/2010,126.361
17/06/2010,126.830
18/06/2010,124.847
22/06/2010,127.611
23/06/2010,128.676
24/06/2010,129.694
25/06/2010,128.537
28/06/2010,129.559
29/06/2010,128.683
30/06/2010,127.163
01/07/2010,132.078
02/07/2010,131.410
05/07/2010,133.617
06/07/2010,134.273
07/07/2010,134.367
08/07/2010,134.340
12/07/2010,134.801
13/07/2010,134.048
14/07/2010,135.001
15/07/2010,135.639
16/07/2010,135.153
19/07/2010,134.966
20/07/2010,133.300
21/07/2010,134.355
22/07/2010,134.962
23/07/2010,132.982
26/07/2010,132.428
27/07/2010,132.930
28/07/2010,132.731
29/07/2010,134.436
30/07/2010,134.066
02/08/2010,136.004
03/08/2010,136.263
04/08/2010,135.782
05/08/2010,134.967
06/08/2010,134.618
09/08/2010,134.965
10/08/2010,134.806
11/08/2010,134.589
12/08/2010,135.937
13/08/2010,135.346
17/08/2010,136.327
18/08/2010,134.607
19/08/2010,134.431
20/08/2010,135.084
23/08/2010,136.560
24/08/2010,137.000
25/08/2010,137.489
26/08/2010,137.868
27/08/2010,136.502
30/08/2010,133.713
31/08/2010,136.232
01/09/2010,138.831
02/09/2010,139.096
03/09/2010,138.708
06/09/2010,138.503
07/09/2010,138.062
08/09/2010,137.252
09/09/2010,138.009
10/09/2010,138.576
13/09/2010,138.409
14/09/2010,138.665
15/09/2010,137.259
16/09/2010,135.877
17/09/2010,135.533
20/09/2010,136.364
21/09/2010,136.851
22/09/2010,136.618
23/09/2010,137.763
24/09/2010,137.517
27/09/2010,138.337
28/09/2010,139.012
29/09/2010,140.649
30/09/2010,139.804
01/10/2010,141.341
04/10/2010,141.780
05/10/2010,143.301
06/10/2010,143.420
07/10/2010,144.402
08/10/2010,143.455
12/10/2010,143.266
13/10/2010,142.257
14/10/2010,142.759
15/10/2010,143.099
18/10/2010,142.075
19/10/2010,140.369
20/10/2010,140.235
21/10/2010,141.599
22/10/2010,142.654
25/10/2010,142.128
26/10/2010,139.953
28/10/2010,140.818
29/10/2010,140.516
01/11/2010,144.901
02/11/2010,144.168
03/11/2010,145.153
04/11/2010,144.790
05/11/2010,142.595
08/11/2010,143.522
09/11/2010,143.288
10/11/2010,143.458
11/11/2010,144.552
12/11/2010,145.336
15/11/2010,145.236
16/11/2010,143.926
17/11/2010,144.117
18/11/2010,144.895
19/11/2010,146.593
23/11/2010,148.185
24/11/2010,148.779
25/11/2010,149.260
26/11/2010,147.300
29/11/2010,146.530
30/11/2010,145.515
01/12/2010,154.530
02/12/2010,155.127
03/12/2010,154.817
06/12/2010,155.009
07/12/2010,155.526
09/12/2010,153.634
10/12/2010,154.338
13/12/2010,154.798
14/12/2010,154.921
15/12/2010,154.487
16/12/2010,155.093
17/12/2010,155.537
20/12/2010,156.520
21/12/2010,157.046
22/12/2010,157.834
23/12/2010,158.723
27/12/2010,158.280
28/12/2010,155.544
29/12/2010,155.552
30/12/2010,160.408
03/01/2011,162.878
04/01/2011,164.389
05/01/2011,163.500
06/01/2011,163.226
07/01/2011,163.083
10/01/2011,163.319
11/01/2011,163.705
12/01/2011,164.108
13/01/2011,165.039
14/01/2011,165.949
17/01/2011,164.835
18/01/2011,163.861
19/01/2011,162.926
20/01/2011,163.443
21/01/2011,163.534
24/01/2011,163.758
25/01/2011,163.718
26/01/2011,161.439
27/01/2011,158.851
28/01/2011,158.058
31/01/2011,158.604
01/02/2011,160.506
02/02/2011,161.986
03/02/2011,161.767
04/02/2011,160.937
07/02/2011,162.653
08/02/2011,162.591
09/02/2011,163.522
10/02/2011,163.688
11/02/2011,163.805
14/02/2011,164.339
15/02/2011,163.994
16/02/2011,162.977
17/02/2011,163.361
18/02/2011,162.081
21/02/2011,162.223
22/02/2011,163.347
23/02/2011,160.319
24/02/2011,161.919
25/02/2011,162.992
28/02/2011,160.387
01/03/2011,164.681
02/03/2011,165.898
03/03/2011,167.221
04/03/2011,166.922
09/03/2011,167.692
10/03/2011,166.721
11/03/2011,166.529
14/03/2011,166.933
15/03/2011,166.650
16/03/2011,164.019
17/03/2011,164.935
18/03/2011,163.115
21/03/2011,162.938
22/03/2011,163.543
23/03/2011,162.240
28/03/2011,163.560
29/03/2011,161.559
30/03/2011,157.399
31/03/2011,159.290
01/04/2011,166.154
04/04/2011,166.516
05/04/2011,167.556
06/04/2011,167.586
07/04/2011,166.996
08/04/2011,166.395
11/04/2011,168.635
12/04/2011,168.438
13/04/2011,168.356
14/04/2011,170.120
15/04/2011,169.251
18/04/2011,168.836
19/04/2011,168.521
20/04/2011,169.052
25/04/2011,167.566
26/04/2011,167.267
27/04/2011,166.899
28/04/2011,166.633
29/04/2011,167.293
02/05/2011,170.410
03/05/2011,171.248
04/05/2011,171.730
05/05/2011,170.423
06/05/2011,169.195
09/05/2011,169.953
10/05/2011,168.656
11/05/2011,169.476
12/05/2011,170.771
13/05/2011,172.316
16/05/2011,173.387
17/05/2011,172.957
18/05/2011,172.774
19/05/2011,173.495
20/05/2011,172.355
23/05/2011,172.747
24/05/2011,173.716
26/05/2011,173.387
27/05/2011,172.063
30/05/2011,169.422
31/05/2011,172.685
01/06/2011,177.940
02/06/2011,177.483
03/06/2011,178.039
06/06/2011,177.971
07/06/2011,177.765
08/06/2011,176.503
09/06/2011,176.248
10/06/2011,177.375
13/06/2011,178.100
14/06/2011,177.870
15/06/2011,179.222
16/06/2011,176.578
17/06/2011,177.019
21/06/2011,177.517
22/06/2011,177.655
23/06/2011,177.671
24/06/2011,175.004
27/06/2011,175.338
28/06/2011,174.799
29/06/2011,173.245
30/06/2011,176.684
01/07/2011,182.889
04/07/2011,181.999
05/07/2011,181.579
06/07/2011,184.298
07/07/2011,183.920
08/07/2011,183.846
11/07/2011,187.520
12/07/2011,187.754
13/07/2011,190.219
14/07/2011,191.288
15/07/2011,189.102
18/07/2011,188.953
19/07/2011,188.715
20/07/2011,188.322
21/07/2011,187.596
22/07/2011,186.501
25/07/2011,186.414
26/07/2011,185.209
27/07/2011,186.328
28/07/2011,184.611
29/07/2011,185.010
01/08/2011,192.833
02/08/2011,193.012
03/08/2011,192.859
04/08/2011,191.672
05/08/2011,190.143
08/08/2011,190.427
09/08/2011,190.311
10/08/2011,190.267
11/08/2011,191.393
12/08/2011,190.486
15/08/2011,190.973
16/08/2011,187.942
17/08/2011,187.901
18/08/2011,187.819
19/08/2011,189.140
23/08/2011,190.072
24/08/2011,187.390
25/08/2011,185.842
26/08/2011,184.973
29/08/2011,184.368
30/08/2011,183.901
31/08/2011,185.825
01/09/2011,192.121
02/09/2011,194.010
05/09/2011,194.420
06/09/2011,191.828
07/09/2011,190.911
08/09/2011,191.294
09/09/2011,191.620
12/09/2011,193.438
13/09/2011,194.253
14/09/2011,195.186
15/09/2011,193.848
16/09/2011,190.188
19/09/2011,189.836
20/09/2011,188.319
21/09/2011,186.975
22/09/2011,186.756
23/09/2011,185.655
26/09/2011,187.686
27/09/2011,186.709
28/09/2011,186.923
29/09/2011,189.504
30/09/2011,192.686
03/10/2011,195.218
04/10/2011,194.713
05/10/2011,194.537
06/10/2011,194.786
07/10/2011,193.640
11/10/2011,192.461
12/10/2011,193.848
13/10/2011,193.758
14/10/2011,194.019
17/10/2011,193.347
18/10/2011,192.937
19/10/2011,191.607
20/10/2011,192.700
21/10/2011,190.639
24/10/2011,189.790
25/10/2011,188.934
26/10/2011,187.443
27/10/2011,188.227
28/10/2011,186.785
31/10/2011,190.247
01/11/2011,196.427
02/11/2011,198.063
03/11/2011,197.649
04/11/2011,194.328
07/11/2011,193.278
08/11/2011,192.280
09/11/2011,194.327
10/11/2011,195.179
11/11/2011,195.266
14/11/2011,193.360
15/11/2011,193.220
16/11/2011,192.709
17/11/2011,193.073
18/11/2011,196.599
21/11/2011,199.142
22/11/2011,199.535
23/11/2011,199.605
24/11/2011,198.776
25/11/2011,197.712
29/11/2011,197.597
30/11/2011,198.013
01/12/2011,205.741
02/12/2011,205.842
05/12/2011,203.279
06/12/2011,204.790
07/12/2011,202.805
12/12/2011,204.297
13/12/2011,205.275
14/12/2011,207.548
15/12/2011,212.390
16/12/2011,211.099
19/12/2011,211.179
20/12/2011,211.150
21/12/2011,212.290
22/12/2011,213.652
23/12/2011,213.129
27/12/2011,214.157
28/12/2011,221.321
29/12/2011,222.824
30/12/2011,222.922
03/01/2012,221.897
04/01/2012,218.474
05/01/2012,216.193
06/01/2012,216.247
09/01/2012,218.463
10/01/2012,220.699
11/01/2012,221.376
12/01/2012,223.790
13/01/2012,223.329
16/01/2012,223.612
17/01/2012,223.306
18/01/2012,223.211
19/01/2012,223.038
20/01/2012,222.304
23/01/2012,219.942
24/01/2012,221.173
25/01/2012,219.755
26/01/2012,219.217
27/01/2012,219.817
30/01/2012,218.323
31/01/2012,216.117
01/02/2012,213.769
02/02/2012,210.812
03/02/2012,207.632
06/02/2012,206.232
07/02/2012,207.464
08/02/2012,208.760
09/02/2012,209.244
10/02/2012,211.873
13/02/2012,212.703
14/02/2012,211.243
15/02/2012,211.290
16/02/2012,208.305
17/02/2012,205.493
22/02/2012,213.701
23/02/2012,206.530
24/02/2012,202.637
28/02/2012,205.499
29/02/2012,205.437
01/03/2012,214.979
02/03/2012,215.324
05/03/2012,214.217
06/03/2012,213.654
07/03/2012,213.576
08/03/2012,215.705
09/03/2012,218.545
12/03/2012,219.539
13/03/2012,220.485
14/03/2012,222.280
15/03/2012,219.215
16/03/2012,216.052
19/03/2012,215.849
20/03/2012,214.596
21/03/2012,215.699
22/03/2012,218.320
23/03/2012,214.232
26/03/2012,212.451
27/03/2012,213.831
28/03/2012,214.873
29/03/2012,213.667
30/03/2012,220.625
03/04/2012,223.089
04/04/2012,221.643
09/04/2012,218.964
10/04/2012,219.943
11/04/2012,222.156
12/04/2012,224.108
13/04/2012,222.467
16/04/2012,223.515
17/04/2012,221.033
18/04/2012,220.691
19/04/2012,219.849
20/04/2012,214.694
23/04/2012,214.245
24/04/2012,212.937
25/04/2012,222.195
26/04/2012,222.794
27/04/2012,222.914
02/05/2012,229.851
03/05/2012,222.940
04/05/2012,222.245
07/05/2012,220.770
08/05/2012,220.130
09/05/2012,220.611
10/05/2012,222.839
11/05/2012,222.797
14/05/2012,222.302
15/05/2012,221.888
16/05/2012,221.841
17/05/2012,225.934
18/05/2012,228.321
21/05/2012,223.537
22/05/2012,223.659
23/05/2012,224.041
24/05/2012,223.429
28/05/2012,224.929
29/05/2012,222.549
30/05/2012,227.105
31/05/2012,225.512
01/06/2012,233.103
04/06/2012,232.186
05/06/2012,233.544
06/06/2012,233.473
07/06/2012,234.458
08/06/2012,235.559
11/06/2012,236.334
12/06/2012,236.094
13/06/2012,237.580
14/06/2012,238.529
15/06/2012,237.254
18/06/2012,236.894
19/06/2012,236.150
21/06/2012,236.228
22/06/2012,239.399
25/06/2012,240.126
26/06/2012,238.446
27/06/2012,237.897
28/06/2012,238.157
29/06/2012,244.158
02/07/2012,250.434
03/07/2012,248.643
04/07/2012,247.682
05/07/2012,252.970
06/07/2012,251.611
10/07/2012,252.803
11/07/2012,250.507
12/07/2012,252.248
13/07/2012,254.507
16/07/2012,255.662
17/07/2012,255.945
18/07/2012,257.024
19/07/2012,256.297
20/07/2012,254.216
23/07/2012,252.210
24/07/2012,250.808
25/07/2012,250.748
26/07/2012,252.856
27/07/2012,251.750
30/07/2012,249.888
31/07/2012,246.461
01/08/2012,253.776
02/08/2012,256.441
03/08/2012,257.816
06/08/2012,258.501
07/08/2012,257.322
08/08/2012,255.758
09/08/2012,256.948
10/08/2012,256.041
13/08/2012,257.730
14/08/2012,258.284
15/08/2012,259.703
16/08/2012,258.710
17/08/2012,254.346
21/08/2012,256.697
22/08/2012,259.479
23/08/2012,260.602
24/08/2012,260.950
27/08/2012,259.606
28/08/2012,260.975
29/08/2012,257.941
30/08/2012,260.352
31/08/2012,260.758
03/09/2012,263.314
04/09/2012,263.169
05/09/2012,262.778
06/09/2012,262.918
07/09/2012,261.080
10/09/2012,261.157
11/09/2012,261.404
12/09/2012,262.748
13/09/2012,263.168
14/09/2012,263.128
17/09/2012,262.215
18/09/2012,261.501
19/09/2012,261.283
20/09/2012,261.059
21/09/2012,257.485
25/09/2012,259.088
26/09/2012,258.915
27/09/2012,264.362
28/09/2012,265.189
01/10/2012,269.906
02/10/2012,269.365
03/10/2012,269.069
04/10/2012,268.131
05/10/2012,267.785
09/10/2012,265.049
10/10/2012,263.172
11/10/2012,263.383
12/10/2012,263.697
15/10/2012,265.352
16/10/2012,264.999
17/10/2012,266.089
18/10/2012,266.041
19/10/2012,266.060
22/10/2012,262.226
23/10/2012,259.802
24/10/2012,262.370
25/10/2012,264.965
26/10/2012,262.998
29/10/2012,264.328
30/10/2012,262.866
31/10/2012,265.116
01/11/2012,274.720
02/11/2012,273.947
05/11/2012,274.126
07/11/2012,273.057
08/11/2012,272.009
09/11/2012,273.292
12/11/2012,270.115
13/11/2012,269.249
14/11/2012,271.115
15/11/2012,274.068
16/11/2012,272.403
19/11/2012,272.285
20/11/2012,269.428
21/11/2012,272.556
22/11/2012,275.548
23/11/2012,270.969
27/11/2012,269.815
28/11/2012,267.864
29/11/2012,267.299
30/11/2012,268.659
03/12/2012,288.373
04/12/2012,288.737
05/12/2012,289.559
06/12/2012,289.225
07/12/2012,291.370
10/12/2012,288.881
11/12/2012,282.983
12/12/2012,284.572
13/12/2012,292.163
14/12/2012,292.063
17/12/2012,288.264
18/12/2012,288.889
19/12/2012,300.775
20/12/2012,290.587
21/12/2012,291.530
26/12/2012,300.752
27/12/2012,304.317
28/12/2012,308.524
31/12/2012,307.352
02/01/2013,305.407
03/01/2013,305.685
04/01/2013,302.573
07/01/2013,301.269
08/01/2013,301.215
09/01/2013,298.528
10/01/2013,300.103
11/01/2013,301.781
14/01/2013,300.562
15/01/2013,301.854
16/01/2013,299.502
17/01/2013,298.855
18/01/2013,297.834
21/01/2013,298.979
22/01/2013,299.273
23/01/2013,294.252
24/01/2013,293.916
25/01/2013,292.640
28/01/2013,290.421
29/01/2013,289.981
30/01/2013,287.546
01/02/2013,289.527
04/02/2013,288.820
05/02/2013,288.350
06/02/2013,288.756
07/02/2013,289.170
08/02/2013,291.376
13/02/2013,296.321
14/02/2013,297.929
15/02/2013,300.186
18/02/2013,295.588
19/02/2013,292.587
21/02/2013,292.666
22/02/2013,291.707
25/02/2013,291.094
26/02/2013,290.962
27/02/2013,289.812
28/02/2013,291.151
01/03/2013,300.266
04/03/2013,300.562
05/03/2013,300.361
06/03/2013,298.337
07/03/2013,298.108
08/03/2013,298.457
11/03/2013,298.069
12/03/2013,297.738
13/03/2013,296.379
14/03/2013,296.918
15/03/2013,294.513
18/03/2013,293.010
19/03/2013,293.388
20/03/2013,293.576
21/03/2013,292.826
22/03/2013,293.440
25/03/2013,290.024
26/03/2013,291.645
27/03/2013,302.215
03/04/2013,306.334
04/04/2013,305.591
05/04/2013,303.549
08/04/2013,302.725
09/04/2013,302.999
10/04/2013,302.577
11/04/2013,302.284
12/04/2013,304.360
15/04/2013,302.862
16/04/2013,302.237
17/04/2013,299.197
18/04/2013,299.916
19/04/2013,295.335
22/04/2013,292.865
23/04/2013,291.366
24/04/2013,288.016
25/04/2013,289.446
26/04/2013,286.824
29/04/2013,279.361
30/04/2013,287.319
02/05/2013,295.803
03/05/2013,296.781
06/05/2013,296.660
07/05/2013,296.085
08/05/2013,300.154
09/05/2013,300.130
10/05/2013,298.485
13/05/2013,300.727
14/05/2013,301.816
15/05/2013,302.869
16/05/2013,303.372
17/05/2013,303.191
20/05/2013,302.678
21/05/2013,303.457
22/05/2013,304.875
23/05/2013,305.675
24/05/2013,303.575
27/05/2013,301.854
28/05/2013,301.129
29/05/2013,298.207
30/05/2013,301.837
31/05/2013,304.337
03/06/2013,309.305
04/06/2013,308.608
05/06/2013,309.214
06/06/2013,312.931
07/06/2013,314.000
10/06/2013,313.740
11/06/2013,313.271
12/06/2013,315.301
13/06/2013,315.824
14/06/2013,313.554
17/06/2013,311.172
18/06/2013,310.797
19/06/2013,311.680
24/06/2013,309.952
25/06/2013,310.665
26/06/2013,308.415
27/06/2013,308.513
28/06/2013,307.550
01/07/2013,314.997
02/07/2013,321.382
03/07/2013,323.229
04/07/2013,323.827
05/07/2013,325.256
08/07/2013,324.718
10/07/2013,326.998
11/07/2013,326.162
12/07/2013,327.229
15/07/2013,327.673
16/07/2013,324.791
17/07/2013,326.024
18/07/2013,324.739
19/07/2013,321.841
22/07/2013,321.781
23/07/2013,317.336
24/07/2013,319.286
25/07/2013,325.446
26/07/2013,325.733
29/07/2013,321.473
30/07/2013,318.630
31/07/2013,318.128
01/08/2013,329.333
02/08/2013,329.302
05/08/2013,328.744
06/08/2013,329.995
07/08/2013,330.146
08/08/2013,331.273
09/08/2013,329.634
12/08/2013,329.560
13/08/2013,330.238
14/08/2013,324.785
15/08/2013,325.706
16/08/2013,322.687
20/08/2013,328.996
21/08/2013,329.911
22/08/2013,327.248
23/08/2013,323.202
26/08/2013,324.674
27/08/2013,324.126
28/08/2013,321.395
29/08/2013,323.616
30/08/2013,321.192
02/09/2013,329.808
03/09/2013,331.305
04/09/2013,331.374
05/09/2013,333.991
06/09/2013,334.005
09/09/2013,332.801
10/09/2013,336.493
11/09/2013,334.120
12/09/2013,333.573
13/09/2013,332.781
16/09/2013,331.705
17/09/2013,332.182
18/09/2013,330.629
19/09/2013,329.474
20/09/2013,325.233
23/09/2013,321.927
24/09/2013,321.744
25/09/2013,323.056
26/09/2013,324.612
27/09/2013,329.860
30/09/2013,327.433
01/10/2013,337.997
02/10/2013,338.653
03/10/2013,338.979
04/10/2013,340.778
07/10/2013,340.854
08/10/2013,341.210
09/10/2013,339.475
10/10/2013,340.714
11/10/2013,337.942
15/10/2013,337.381
16/10/2013,336.165
17/10/2013,335.885
18/10/2013,335.247
21/10/2013,331.981
22/10/2013,332.484
23/10/2013,333.496
24/10/2013,337.102
25/10/2013,329.801
28/10/2013,324.766
29/10/2013,319.710
30/10/2013,324.521
31/10/2013,326.803
01/11/2013,342.132
04/11/2013,340.503
05/11/2013,342.621
07/11/2013,343.208
08/11/2013,341.477
11/11/2013,340.439
12/11/2013,338.405
13/11/2013,338.681
14/11/2013,340.467
15/11/2013,338.477
18/11/2013,338.026
19/11/2013,335.230
20/11/2013,334.520
21/11/2013,336.648
22/11/2013,334.781
26/11/2013,332.965
27/11/2013,332.866
28/11/2013,334.026
29/11/2013,336.846
02/12/2013,351.871
03/12/2013,352.022
04/12/2013,353.834
05/12/2013,363.941
06/12/2013,353.762
09/12/2013,353.725
10/12/2013,353.239
11/12/2013,354.969
12/12/2013,370.184
13/12/2013,356.104
16/12/2013,355.803
17/12/2013,355.936
18/12/2013,357.772
19/12/2013,373.960
20/12/2013,365.189
23/12/2013,364.962
26/12/2013,378.259
27/12/2013,374.056
30/12/2013,377.196
02/01/2014,378.160
03/01/2014,376.497
06/01/2014,375.463
07/01/2014,374.165
08/01/2014,371.632
09/01/2014,374.042
10/01/2014,375.046
13/01/2014,374.738
14/01/2014,375.069
15/01/2014,371.442
16/01/2014,367.298
17/01/2014,366.454
20/01/2014,365.243
21/01/2014,364.442
22/01/2014,360.432
23/01/2014,360.573
24/01/2014,356.532
27/01/2014,353.732
28/01/2014,357.207
29/01/2014,362.576
30/01/2014,364.446
31/01/2014,363.858
03/02/2014,360.675
04/02/2014,358.249
05/02/2014,349.439
06/02/2014,351.110
07/02/2014,349.349
10/02/2014,346.753
11/02/2014,346.799
12/02/2014,352.232
13/02/2014,353.193
14/02/2014,352.477
17/02/2014,346.492
18/02/2014,346.088
19/02/2014,342.593
20/02/2014,345.197
21/02/2014,338.736
24/02/2014,340.018
25/02/2014,330.477
26/02/2014,339.737
27/02/2014,332.516
28/02/2014,344.819
05/03/2014,349.360
06/03/2014,351.175
07/03/2014,353.422
10/03/2014,354.643
11/03/2014,354.166
12/03/2014,353.941
13/03/2014,355.677
14/03/2014,357.331
17/03/2014,354.661
18/03/2014,353.961
19/03/2014,354.150
20/03/2014,353.237
21/03/2014,352.543
25/03/2014,347.238
26/03/2014,346.514
27/03/2014,344.820
28/03/2014,349.184
31/03/2014,349.029
01/04/2014,363.756
03/04/2014,359.207
04/04/2014,359.061
07/04/2014,360.888
08/04/2014,364.627
09/04/2014,360.894
10/04/2014,361.883
11/04/2014,361.521
14/04/2014,360.819
15/04/2014,364.623
16/04/2014,359.004
21/04/2014,352.501
22/04/2014,350.943
23/04/2014,343.165
24/04/2014,345.102
25/04/2014,334.778
28/04/2014,329.226
29/04/2014,330.447
30/04/2014,352.163
05/05/2014,359.549
06/05/2014,360.311
07/05/2014,360.459
08/05/2014,362.551
09/05/2014,362.226
12/05/2014,361.342
13/05/2014,363.009
14/05/2014,357.519
15/05/2014,355.540
16/05/2014,353.321
19/05/2014,351.509
20/05/2014,350.160
21/05/2014,354.183
22/05/2014,355.719
23/05/2014,344.832
26/05/2014,338.075
27/05/2014,345.881
28/05/2014,346.225
29/05/2014,342.952
30/05/2014,348.928
02/06/2014,365.594
03/06/2014,366.652
04/06/2014,370.210
05/06/2014,369.670
06/06/2014,364.532
09/06/2014,370.489
10/06/2014,371.807
11/06/2014,372.553
12/06/2014,376.810
13/06/2014,365.174
16/06/2014,359.416
17/06/2014,360.009
18/06/2014,362.574
19/06/2014,362.286
23/06/2014,363.226
24/06/2014,362.991
25/06/2014,365.588
26/06/2014,372.616
27/06/2014,370.707
30/06/2014,370.611
01/07/2014,382.719
02/07/2014,385.700
03/07/2014,393.233
04/07/2014,393.392
07/07/2014,394.783
08/07/2014,395.724
10/07/2014,391.980
11/07/2014,390.326
14/07/2014,391.960
15/07/2014,391.644
16/07/2014,388.927
17/07/2014,381.304
18/07/2014,380.904
21/07/2014,381.109
22/07/2014,377.868
23/07/2014,380.694
24/07/2014,376.348
25/07/2014,372.437
28/07/2014,369.128
29/07/2014,370.496
30/07/2014,370.067
31/07/2014,371.689
01/08/2014,389.897
04/08/2014,389.441
05/08/2014,389.325
06/08/2014,387.128
07/08/2014,387.901
08/08/2014,389.667
11/08/2014,387.822
12/08/2014,392.732
13/08/2014,393.385
14/08/2014,391.906
15/08/2014,391.070
19/08/2014,394.347
20/08/2014,389.971
21/08/2014,396.753
22/08/2014,396.608
25/08/2014,393.013
26/08/2014,393.358
27/08/2014,387.972
28/08/2014,385.478
29/08/2014,389.193
01/09/2014,405.966
02/09/2014,406.699
03/09/2014,404.958
04/09/2014,407.031
05/09/2014,406.292
08/09/2014,405.704
09/09/2014,400.542
10/09/2014,395.835
11/09/2014,401.957
12/09/2014,402.105
15/09/2014,400.662
16/09/2014,399.289
17/09/2014,390.549
18/09/2014,386.094
19/09/2014,384.467
22/09/2014,385.343
23/09/2014,385.881
24/09/2014,386.713
25/09/2014,390.326
26/09/2014,388.203
29/09/2014,388.136
30/09/2014,382.315
01/10/2014,412.070
02/10/2014,406.542
03/10/2014,406.013
06/10/2014,404.747
07/10/2014,407.712
08/10/2014,405.670
09/10/2014,405.355
10/10/2014,404.809
14/10/2014,407.122
15/10/2014,405.777
16/10/2014,408.200
17/10/2014,407.535
20/10/2014,406.659
21/10/2014,398.281
22/10/2014,396.663
23/10/2014,396.113
24/10/2014,388.523
27/10/2014,383.094
28/10/2014,384.187
29/10/2014,386.010
30/10/2014,387.974
31/10/2014,407.437
03/11/2014,413.948
04/11/2014,413.963
05/11/2014,416.246
07/11/2014,417.909
10/11/2014,419.121
11/11/2014,416.612
12/11/2014,414.850
13/11/2014,413.686
14/11/2014,407.488
17/11/2014,405.543
18/11/2014,405.503
19/11/2014,402.473
20/11/2014,396.867
21/11/2014,393.770
25/11/2014,406.794
26/11/2014,405.951
27/11/2014,393.588
28/11/2014,409.124
01/12/2014,434.222
02/12/2014,437.391
03/12/2014,437.124
04/12/2014,433.521
05/12/2014,433.915
09/12/2014,432.323
10/12/2014,427.034
11/12/2014,435.026
12/12/2014,423.742
15/12/2014,433.948
16/12/2014,443.259
17/12/2014,447.690
18/12/2014,450.631
19/12/2014,455.507
22/12/2014,456.595
23/12/2014,447.979
24/12/2014,447.363
29/12/2014,476.590
30/12/2014,462.564
02/01/2015,465.862
05/01/2015,464.979
06/01/2015,465.009
07/01/2015,458.744
08/01/2015,460.792
09/01/2015,461.756
12/01/2015,462.993
13/01/2015,464.814
14/01/2015,455.111
15/01/2015,455.138
16/01/2015,452.795
19/01/2015,452.787
20/01/2015,454.622
21/01/2015,442.811
22/01/2015,442.490
23/01/2015,444.315
26/01/2015,438.132
27/01/2015,439.588
28/01/2015,437.772
29/01/2015,444.735
30/01/2015,447.995
02/02/2015,449.385
03/02/2015,445.947
04/02/2015,449.754
05/02/2015,451.959
06/02/2015,452.703
09/02/2015,454.037
10/02/2015,455.888
11/02/2015,449.466
12/02/2015,446.354
13/02/2015,450.278
18/02/2015,453.574
19/02/2015,451.911
20/02/2015,455.937
23/02/2015,453.277
24/02/2015,449.349
25/02/2015,445.834
26/02/2015,443.895
27/02/2015,446.408
02/03/2015,457.556
03/03/2015,457.185
04/03/2015,453.438
05/03/2015,450.920
06/03/2015,448.451
09/03/2015,454.075
10/03/2015,454.302
11/03/2015,451.282
12/03/2015,454.513
13/03/2015,452.219
16/03/2015,458.034
17/03/2015,454.866
18/03/2015,455.975
19/03/2015,456.518
20/03/2015,460.842
25/03/2015,464.287
26/03/2015,444.499
27/03/2015,444.973
30/03/2015,449.673
31/03/2015,440.354
01/04/2015,466.366
06/04/2015,459.867
07/04/2015,459.329
08/04/2015,458.970
09/04/2015,462.889
10/04/2015,463.003
13/04/2015,463.080
14/04/2015,460.323
15/04/2015,462.579
16/04/2015,463.328
17/04/2015,457.377
20/04/2015,455.503
21/04/2015,454.392
22/04/2015,449.304
23/04/2015,450.064
24/04/2015,452.526
27/04/2015,445.792
28/04/2015,442.412
29/04/2015,432.977
30/04/2015,469.092
04/05/2015,471.050
05/05/2015,468.356
06/05/2015,465.817
07/05/2015,465.781
08/05/2015,469.750
11/05/2015,475.899
12/05/2015,477.229
13/05/2015,474.127
14/05/2015,471.670
15/05/2015,470.377
18/05/2015,470.126
19/05/2015,467.592
20/05/2015,467.835
21/05/2015,462.518
22/05/2015,465.654
26/05/2015,465.313
27/05/2015,469.307
28/05/2015,462.384
29/05/2015,462.104
01/06/2015,478.884
02/06/2015,481.242
03/06/2015,475.267
04/06/2015,484.756
05/06/2015,482.913
08/06/2015,491.339
09/06/2015,490.976
10/06/2015,495.431
11/06/2015,504.476
12/06/2015,501.449
15/06/2015,502.114
16/06/2015,499.099
17/06/2015,489.680
18/06/2015,486.586
19/06/2015,481.480
22/06/2015,480.254
23/06/2015,483.602
24/06/2015,487.533
25/06/2015,481.341
26/06/2015,487.884
29/06/2015,484.994
30/06/2015,482.719
01/07/2015,500.332
02/07/2015,504.672
03/07/2015,510.594
06/07/2015,509.609
07/07/2015,513.816
08/07/2015,514.868
10/07/2015,517.781
13/07/2015,515.800
14/07/2015,517.340
15/07/2015,516.479
16/07/2015,515.561
17/07/2015,518.121
20/07/2015,528.049
21/07/2015,531.382
22/07/2015,532.919
23/07/2015,533.181
24/07/2015,519.403
27/07/2015,517.285
28/07/2015,521.573
29/07/2015,515.123
30/07/2015,507.309
31/07/2015,520.170
03/08/2015,531.539
04/08/2015,540.908
05/08/2015,536.010
06/08/2015,533.181
07/08/2015,531.891
10/08/2015,533.763
11/08/2015,536.767
12/08/2015,531.806
13/08/2015,531.306
14/08/2015,532.662
18/08/2015,527.996
19/08/2015,530.790
20/08/2015,522.124
21/08/2015,519.869
24/08/2015,516.918
25/08/2015,519.732
26/08/2015,517.694
27/08/2015,515.377
28/08/2015,525.086
31/08/2015,509.258
01/09/2015,532.788
02/09/2015,531.425
03/09/2015,530.974
04/09/2015,534.587
07/09/2015,534.713
08/09/2015,532.247
09/09/2015,532.427
10/09/2015,535.164
11/09/2015,542.568
14/09/2015,538.371
15/09/2015,538.686
16/09/2015,535.598
17/09/2015,531.919
18/09/2015,533.275
21/09/2015,531.529
22/09/2015,535.125
23/09/2015,530.225
24/09/2015,531.047
25/09/2015,527.591
28/09/2015,520.067
29/09/2015,534.074
30/09/2015,530.135
01/10/2015,541.547
02/10/2015,539.362
05/10/2015,546.926
06/10/2015,546.202
07/10/2015,547.052
08/10/2015,547.386
09/10/2015,545.767
13/10/2015,547.021
14/10/2015,542.237
15/10/2015,551.862
16/10/2015,550.024
19/10/2015,547.101
20/10/2015,550.690
21/10/2015,546.567
22/10/2015,548.448
23/10/2015,546.397
26/10/2015,542.948
27/10/2015,541.247
28/10/2015,532.436
29/10/2015,525.726
30/10/2015,543.201
02/11/2015,561.158
03/11/2015,560.592
04/11/2015,563.935
05/11/2015,567.390
09/11/2015,568.409
10/11/2015,569.809
11/11/2015,573.043
12/11/2015,562.438
13/11/2015,567.972
16/11/2015,569.391
17/11/2015,568.050
18/11/2015,557.773
19/11/2015,552.367
20/11/2015,546.172
23/11/2015,554.954
24/11/2015,552.876
25/11/2015,549.976
26/11/2015,558.481
30/11/2015,536.761
01/12/2015,611.051
02/12/2015,610.863
03/12/2015,618.454
04/12/2015,612.316
09/12/2015,629.249
10/12/2015,621.978
11/12/2015,617.257
14/12/2015,616.654
15/12/2015,612.401
16/12/2015,605.974
17/12/2015,630.771
18/12/2015,629.444
21/12/2015,638.629
22/12/2015,640.006
23/12/2015,633.578
24/12/2015,631.161
28/12/2015,629.210
29/12/2015,632.065
30/12/2015,609.041
31/12/2015,623.890
04/01/2016,620.295
05/01/2016,622.070
06/01/2016,604.698
07/01/2016,606.740
08/01/2016,612.384
11/01/2016,620.606
12/01/2016,620.175
13/01/2016,602.523
14/01/2016,602.908
15/01/2016,600.995
18/01/2016,589.318
19/01/2016,589.939
20/01/2016,590.418
21/01/2016,593.241
22/01/2016,593.175
25/01/2016,592.091
26/01/2016,597.693
27/01/2016,590.720
28/01/2016,590.941
29/01/2016,588.333
01/02/2016,587.033
02/02/2016,587.238
03/02/2016,582.437
04/02/2016,574.931
05/02/2016,569.553
10/02/2016,563.700
11/02/2016,572.531
12/02/2016,573.092
15/02/2016,574.740
16/02/2016,561.919
17/02/2016,552.244
18/02/2016,550.150
19/02/2016,550.280
22/02/2016,547.444
23/02/2016,550.207
24/02/2016,552.511
25/02/2016,552.589
26/02/2016,551.246
29/02/2016,559.138
01/03/2016,579.175
02/03/2016,589.728
03/03/2016,597.517
04/03/2016,593.553
07/03/2016,593.431
08/03/2016,591.155
09/03/2016,589.894
10/03/2016,588.177
11/03/2016,583.729
14/03/2016,574.749
15/03/2016,573.033
16/03/2016,580.701
17/03/2016,588.153
18/03/2016,589.099
21/03/2016,591.208
22/03/2016,582.785
23/03/2016,594.243
28/03/2016,583.947
29/03/2016,583.286
30/03/2016,562.928
31/03/2016,573.019
01/04/2016,610.010
04/04/2016,604.923
05/04/2016,600.988
06/04/2016,588.475
07/04/2016,590.235
08/04/2016,583.523
11/04/2016,583.909
12/04/2016,586.151
13/04/2016,586.847
14/04/2016,588.046
15/04/2016,578.466
18/04/2016,572.381
19/04/2016,580.944
20/04/2016,579.752
21/04/2016,565.974
22/04/2016,565.377
25/04/2016,564.569
26/04/2016,570.000
27/04/2016,576.339
28/04/2016,572.872
29/04/2016,572.568
02/05/2016,598.835
03/05/2016,596.967
04/05/2016,599.080
05/05/2016,599.384
06/05/2016,592.367
09/05/2016,599.227
10/05/2016,589.246
11/05/2016,589.942
12/05/2016,580.502
13/05/2016,583.883
16/05/2016,582.949
17/05/2016,588.529
18/05/2016,581.677
19/05/2016,576.594
20/05/2016,582.521
23/05/2016,580.783
24/05/2016,579.973
26/05/2016,570.735
27/05/2016,572.089
30/05/2016,573.646
31/05/2016,576.156
01/06/2016,612.292
02/06/2016,609.610
03/06/2016,611.370
06/06/2016,611.881
07/06/2016,609.767
08/06/2016,622.173
09/06/2016,620.708
10/06/2016,622.070
13/06/2016,618.412
14/06/2016,612.542
15/06/2016,626.544
16/06/2016,613.872
21/06/2016,620.644
22/06/2016,642.135
23/06/2016,629.921
24/06/2016,620.107
27/06/2016,614.431
28/06/2016,611.435
29/06/2016,624.050
30/06/2016,631.231
01/07/2016,687.519
04/07/2016,682.619
05/07/2016,666.568
06/07/2016,679.934
07/07/2016,683.152
11/07/2016,681.231
12/07/2016,672.801
13/07/2016,677.321
14/07/2016,679.613
15/07/2016,669.672
18/07/2016,664.814
19/07/2016,660.575
20/07/2016,660.207
21/07/2016,659.004
22/07/2016,658.427
25/07/2016,660.826
26/07/2016,668.844
27/07/2016,669.432
28/07/2016,668.705
29/07/2016,661.130
01/08/2016,687.837
02/08/2016,683.838
03/08/2016,671.569
04/08/2016,673.429
05/08/2016,674.486
08/08/2016,685.222
09/08/2016,681.494
10/08/2016,689.303
11/08/2016,679.265
12/08/2016,673.474
16/08/2016,661.733
17/08/2016,676.314
18/08/2016,673.734
19/08/2016,673.130
22/08/2016,673.401
23/08/2016,670.631
24/08/2016,672.905
25/08/2016,669.852
26/08/2016,668.818
29/08/2016,681.561
30/08/2016,684.241
31/08/2016,679.730
01/09/2016,705.806
02/09/2016,692.521
05/09/2016,693.019
06/09/2016,682.648
07/09/2016,695.555
08/09/2016,700.060
09/09/2016,695.192
12/09/2016,689.625
13/09/2016,682.007
14/09/2016,688.437
15/09/2016,685.174
16/09/2016,675.817
19/09/2016,679.204
20/09/2016,672.499
21/09/2016,675.277
22/09/2016,673.798
23/09/2016,666.684
26/09/2016,665.301
27/09/2016,662.208
28/09/2016,662.070
29/09/2016,652.682
30/09/2016,682.655
03/10/2016,686.816
04/10/2016,687.644
05/10/2016,692.655
06/10/2016,692.582
07/10/2016,707.006
11/10/2016,711.894
12/10/2016,709.623
13/10/2016,707.861
14/10/2016,707.528
17/10/2016,704.126
18/10/2016,700.089
19/10/2016,685.319
20/10/2016,691.652
21/10/2016,688.804
24/10/2016,686.510
25/10/2016,687.830
26/10/2016,673.553
27/10/2016,669.905
28/10/2016,701.484
31/10/2016,674.209
01/11/2016,717.898
02/11/2016,704.074
03/11/2016,704.798
04/11/2016,721.518
07/11/2016,723.317
08/11/2016,724.286
09/11/2016,727.448
10/11/2016,725.266
11/11/2016,718.999
14/11/2016,717.603
15/11/2016,717.870
16/11/2016,736.911
17/11/2016,733.009
18/11/2016,728.279
21/11/2016,728.373
22/11/2016,725.099
23/11/2016,711.483
24/11/2016,704.644
25/11/2016,703.263
29/11/2016,727.959
30/11/2016,716.689
01/12/2016,758.560
02/12/2016,756.807
05/12/2016,761.439
06/12/2016,757.268
07/12/2016,772.365
12/12/2016,778.256
13/12/2016,780.031
14/12/2016,804.569
15/12/2016,791.514
16/12/2016,791.489
19/12/2016,791.126
20/12/2016,800.972
21/12/2016,821.382
22/12/2016,807.007
23/12/2016,798.762
26/12/2016,799.039
27/12/2016,797.427
28/12/2016,811.800
29/12/2016,818.021
30/12/2016,821.664
02/01/2017,854.951
03/01/2017,856.528
04/01/2017,852.336
05/01/2017,843.142
06/01/2017,840.119
09/01/2017,839.299
10/01/2017,847.063
11/01/2017,799.301
12/01/2017,797.870
13/01/2017,794.087
16/01/2017,789.982
17/01/2017,767.753
18/01/2017,794.264
19/01/2017,790.654
20/01/2017,794.349
23/01/2017,797.307
24/01/2017,804.230
25/01/2017,817.042
26/01/2017,820.175
27/01/2017,815.167
30/01/2017,827.457
31/01/2017,827.886
01/02/2017,830.588
02/02/2017,823.925
03/02/2017,824.726
06/02/2017,829.162
07/02/2017,846.685
08/02/2017,845.004
09/02/2017,840.860
10/02/2017,842.046
13/02/2017,838.103
14/02/2017,836.932
15/02/2017,835.281
16/02/2017,822.288
17/02/2017,813.209
20/02/2017,811.343
21/02/2017,836.426
22/02/2017,821.449
23/02/2017,825.312
24/02/2017,814.742
01/03/2017,854.352
02/03/2017,849.511
03/03/2017,829.443
06/03/2017,807.023
07/03/2017,781.986
08/03/2017,779.302
09/03/2017,781.653
10/03/2017,799.471
13/03/2017,791.744
14/03/2017,796.573
15/03/2017,812.191
16/03/2017,782.767
17/03/2017,774.680
20/03/2017,790.412
21/03/2017,788.598
22/03/2017,781.873
23/03/2017,775.336
27/03/2017,764.971
28/03/2017,751.625
29/03/2017,754.352
30/03/2017,772.869
31/03/2017,754.752
03/04/2017,793.132
04/04/2017,786.106
05/04/2017,778.071
06/04/2017,778.919
07/04/2017,779.781
10/04/2017,791.731
11/04/2017,789.921
12/04/2017,776.726
17/04/2017,795.822
18/04/2017,795.751
19/04/2017,835.464
20/04/2017,811.736
21/04/2017,794.195
24/04/2017,809.294
25/04/2017,802.272
26/04/2017,797.345
27/04/2017,809.373
28/04/2017,795.910
02/05/2017,820.133
03/05/2017,817.790
04/05/2017,813.496
05/05/2017,814.964
08/05/2017,801.198
09/05/2017,798.250
10/05/2017,793.702
11/05/2017,793.703
12/05/2017,785.871
15/05/2017,777.729
16/05/2017,773.069
17/05/2017,797.567
18/05/2017,789.253
19/05/2017,782.324
22/05/2017,776.242
23/05/2017,767.649
24/05/2017,752.265
26/05/2017,759.718
29/05/2017,755.434
30/05/2017,753.678
31/05/2017,757.087
01/06/2017,787.403
02/06/2017,785.710
05/06/2017,781.772
06/06/2017,801.773
07/06/2017,817.715
08/06/2017,815.320
09/06/2017,807.625
12/06/2017,805.071
13/06/2017,794.101
14/06/2017,793.093
15/06/2017,793.491
16/06/2017,779.105
19/06/2017,780.566
21/06/2017,877.377
22/06/2017,860.521
23/06/2017,846.855
26/06/2017,833.960
27/06/2017,815.943
28/06/2017,838.718
29/06/2017,838.524
30/06/2017,833.104
03/07/2017,861.792
04/07/2017,862.607
05/07/2017,852.826
06/07/2017,854.996
07/07/2017,856.485
10/07/2017,858.398
11/07/2017,854.270
12/07/2017,846.675
13/07/2017,838.889
14/07/2017,833.235
17/07/2017,826.663
18/07/2017,818.010
19/07/2017,877.037
20/07/2017,867.210
21/07/2017,855.945
24/07/2017,860.538
25/07/2017,865.947
26/07/2017,866.435
27/07/2017,861.981
28/07/2017,855.295
31/07/2017,832.274
01/08/2017,870.966
02/08/2017,870.605
03/08/2017,871.280
04/08/2017,867.815
07/08/2017,870.130
08/08/2017,865.093
09/08/2017,855.416
10/08/2017,848.354
11/08/2017,838.231
14/08/2017,841.625
15/08/2017,839.199
16/08/2017,900.246
17/08/2017,881.686
18/08/2017,861.389
22/08/2017,870.776
23/08/2017,873.201
24/08/2017,859.697
25/08/2017,847.667
28/08/2017,859.171
29/08/2017,855.470
30/08/2017,847.530
31/08/2017,838.398
01/09/2017,865.617
04/09/2017,868.262
05/09/2017,873.018
06/09/2017,866.696
07/09/2017,860.005
08/09/2017,857.241
11/09/2017,869.677
12/09/2017,867.844
13/09/2017,867.484
14/09/2017,861.035
15/09/2017,845.236
18/09/2017,863.510
19/09/2017,857.500
20/09/2017,926.112
21/09/2017,920.080
22/09/2017,893.615
25/09/2017,880.117
26/09/2017,903.590
27/09/2017,886.981
28/09/2017,875.223
29/09/2017,868.105
02/10/2017,891.638
03/10/2017,885.708
04/10/2017,902.049
05/10/2017,903.674
06/10/2017,895.331
09/10/2017,896.488
10/10/2017,886.368
11/10/2017,888.141
12/10/2017,889.324
13/10/2017,881.027
17/10/2017,873.237
18/10/2017,913.086
19/10/2017,892.574
20/10/2017,888.043
23/10/2017,891.574
24/10/2017,885.290
25/10/2017,874.105
26/10/2017,869.971
27/10/2017,895.482
30/10/2017,881.242
31/10/2017,870.104
01/11/2017,906.649
02/11/2017,919.768
03/11/2017,917.840
07/11/2017,917.895
08/11/2017,915.529
09/11/2017,918.735
10/11/2017,912.694
13/11/2017,905.592
14/11/2017,898.104
15/11/2017,932.528
16/11/2017,900.986
17/11/2017,884.329
21/11/2017,893.222
22/11/2017,901.952
23/11/2017,905.977
24/11/2017,920.645
27/11/2017,902.242
28/11/2017,890.630
29/11/2017,895.668
30/11/2017,880.313
01/12/2017,931.301
04/12/2017,932.681
05/12/2017,937.979
06/12/2017,937.721
07/12/2017,947.103
11/12/2017,948.193
12/12/2017,954.030
13/12/2017,964.194
14/12/2017,961.114
15/12/2017,993.396
18/12/2017,991.376
19/12/2017,988.201
20/12/2017,1.076.940
21/12/2017,1.035.387
22/12/2017,1.032.122
26/12/2017,1.024.971
27/12/2017,1.005.380
28/12/2017,1.009.954
29/12/2017,1.001.113
02/01/2018,1.078.571
03/01/2018,1.062.257
04/01/2018,1.045.362
05/01/2018,1.039.731
08/01/2018,1.026.705
09/01/2018,1.017.952
10/01/2018,1.026.787
11/01/2018,1.032.955
12/01/2018,1.027.204
15/01/2018,1.016.341
16/01/2018,1.010.245
17/01/2018,1.060.588
18/01/2018,1.041.866
19/01/2018,1.033.152
22/01/2018,1.030.290
23/01/2018,1.012.001
24/01/2018,1.001.854
25/01/2018,1.030.909
26/01/2018,1.018.995
29/01/2018,1.005.001
30/01/2018,1.002.954
31/01/2018,966.089
01/02/2018,1.025.020
02/02/2018,1.023.959
05/02/2018,1.032.983
06/02/2018,1.027.403
07/02/2018,1.069.189
08/02/2018,1.055.962
09/02/2018,1.066.095
14/02/2018,1.024.438
15/02/2018,1.018.499
16/02/2018,992.238
19/02/2018,985.104
20/02/2018,971.200
21/02/2018,1.061.699
22/02/2018,1.028.353
23/02/2018,1.033.154
26/02/2018,1.015.872
27/02/2018,1.006.724
28/02/2018,1.002.919
01/03/2018,1.068.068
02/03/2018,1.080.581
05/03/2018,1.040.540
06/03/2018,1.037.274
07/03/2018,1.039.916
08/03/2018,1.041.995
09/03/2018,1.039.480
12/03/2018,1.063.372
13/03/2018,1.060.355
14/03/2018,1.076.463
15/03/2018,1.022.485
16/03/2018,984.163
19/03/2018,983.240
20/03/2018,963.234
21/03/2018,996.403
22/03/2018,996.007
23/03/2018,1.003.568
26/03/2018,1.003.118
27/03/2018,987.174
28/03/2018,995.473
03/04/2018,1.079.997
04/04/2018,1.081.293
05/04/2018,1.052.861
06/04/2018,1.036.337
09/04/2018,1.021.038
10/04/2018,1.016.710
11/04/2018,1.029.314
12/04/2018,1.022.337
13/04/2018,1.012.013
16/04/2018,982.228
17/04/2018,992.687
18/04/2018,1.058.076
19/04/2018,1.034.676
20/04/2018,1.019.481
23/04/2018,1.021.051
24/04/2018,1.005.237
25/04/2018,993.672
26/04/2018,1.008.995
27/04/2018,999.359
02/05/2018,1.054.561
03/05/2018,1.046.478
04/05/2018,1.049.846
07/05/2018,1.021.116
08/05/2018,1.001.431
09/05/2018,1.002.055
10/05/2018,1.010.683
11/05/2018,1.032.630
14/05/2018,1.057.326
15/05/2018,1.058.421
16/05/2018,1.088.650
17/05/2018,1.075.823
18/05/2018,1.050.007
21/05/2018,1.031.019
22/05/2018,1.001.754
23/05/2018,994.258
24/05/2018,972.815
28/05/2018,993.010
29/05/2018,981.593
30/05/2018,1.007.372
31/05/2018,1.020.466
01/06/2018,1.038.765
04/06/2018,1.053.728
05/06/2018,1.060.698
06/06/2018,1.062.166
07/06/2018,1.063.533
08/06/2018,1.027.867
11/06/2018,1.031.571
12/06/2018,1.037.430
13/06/2018,1.037.945
14/06/2018,1.048.066
15/06/2018,1.055.267
18/06/2018,1.046.603
19/06/2018,1.037.713
21/06/2018,1.221.810
22/06/2018,1.150.008
25/06/2018,1.152.414
26/06/2018,1.087.229
27/06/2018,1.051.494
28/06/2018,1.032.805
29/06/2018,1.043.632
02/07/2018,1.138.353
03/07/2018,1.094.382
04/07/2018,1.110.104
05/07/2018,1.153.613
06/07/2018,1.115.590
10/07/2018,1.098.717
11/07/2018,1.085.633
12/07/2018,1.071.336
13/07/2018,1.085.846
16/07/2018,1.063.812
17/07/2018,1.065.715
18/07/2018,1.217.562
19/07/2018,1.195.178
20/07/2018,1.148.380
23/07/2018,1.148.847
24/07/2018,1.120.290
25/07/2018,1.096.063
26/07/2018,1.117.033
27/07/2018,1.098.279
30/07/2018,1.085.985
31/07/2018,1.066.809
01/08/2018,1.117.244
02/08/2018,1.134.127
03/08/2018,1.153.119
06/08/2018,1.160.165
07/08/2018,1.160.744
08/08/2018,1.159.388
09/08/2018,1.150.303
10/08/2018,1.149.677
13/08/2018,1.149.621
14/08/2018,1.124.411
15/08/2018,1.307.873
16/08/2018,1.278.241
17/08/2018,1.231.589
21/08/2018,1.235.046
22/08/2018,1.247.540
23/08/2018,1.245.245
24/08/2018,1.234.888
27/08/2018,1.205.723
28/08/2018,1.210.208
29/08/2018,1.246.804
30/08/2018,1.229.649
31/08/2018,1.208.276
03/09/2018,1.234.645
04/09/2018,1.235.916
05/09/2018,1.253.884
06/09/2018,1.298.883
07/09/2018,1.326.242
10/09/2018,1.311.304
11/09/2018,1.305.532
12/09/2018,1.294.348
13/09/2018,1.295.016
14/09/2018,1.294.255
17/09/2018,1.251.731
18/09/2018,1.233.183
19/09/2018,1.366.300
20/09/2018,1.298.659
21/09/2018,1.228.867
24/09/2018,1.220.541
25/09/2018,1.265.438
26/09/2018,1.266.819
27/09/2018,1.277.013
28/09/2018,1.249.657
01/10/2018,1.286.207
02/10/2018,1.239.180
03/10/2018,1.247.746
04/10/2018,1.257.572
05/10/2018,1.280.236
08/10/2018,1.267.599
09/10/2018,1.257.866
10/10/2018,1.259.924
11/10/2018,1.258.559
12/10/2018,1.240.442
16/10/2018,1.249.365
17/10/2018,1.318.446
18/10/2018,1.258.348
19/10/2018,1.222.659
22/10/2018,1.218.220
23/10/2018,1.229.655
24/10/2018,1.267.997
25/10/2018,1.264.827
26/10/2018,1.275.602
29/10/2018,1.248.874
30/10/2018,1.232.467
31/10/2018,1.155.082
01/11/2018,1.244.047
02/11/2018,1.231.563
05/11/2018,1.175.074
07/11/2018,1.274.729
08/11/2018,1.275.024
09/11/2018,1.274.625
12/11/2018,1.247.243
13/11/2018,1.188.936
14/11/2018,1.181.274
15/11/2018,1.175.656
16/11/2018,1.185.904
20/11/2018,1.204.331
21/11/2018,1.296.461
22/11/2018,1.315.452
23/11/2018,1.384.218
26/11/2018,1.383.516
27/11/2018,1.340.861
28/11/2018,1.317.432
29/11/2018,1.238.891
03/12/2018,1.246.097
04/12/2018,1.219.788
05/12/2018,1.193.726
06/12/2018,1.205.849
07/12/2018,1.235.981
10/12/2018,1.278.311
11/12/2018,1.303.046
12/12/2018,1.325.947
13/12/2018,1.355.114
14/12/2018,1.391.743
17/12/2018,1.396.063
18/12/2018,1.377.228
19/12/2018,1.396.190
20/12/2018,1.387.914
21/12/2018,1.396.183
26/12/2018,1.394.688
27/12/2018,1.383.076
28/12/2018,1.408.977
02/01/2019,1.385.096
03/01/2019,1.354.135
04/01/2019,1.345.571
07/01/2019,1.333.701
08/01/2019,1.342.767
09/01/2019,1.319.163
10/01/2019,1.321.496
11/01/2019,1.312.443
14/01/2019,1.337.620
15/01/2019,1.340.936
16/01/2019,1.334.741
17/01/2019,1.340.895
18/01/2019,1.314.390
21/01/2019,1.324.726
22/01/2019,1.342.409
23/01/2019,1.354.000
24/01/2019,1.363.169
25/01/2019,1.367.319
28/01/2019,1.366.824
29/01/2019,1.389.379
30/01/2019,1.381.202
31/01/2019,1.352.805
01/02/2019,1.441.458
04/02/2019,1.408.659
05/02/2019,1.382.286
06/02/2019,1.370.908
07/02/2019,1.339.313
08/02/2019,1.327.684
11/02/2019,1.316.423
12/02/2019,1.315.552
13/02/2019,1.292.994
14/02/2019,1.293.910
15/02/2019,1.297.732
18/02/2019,1.300.646
19/02/2019,1.312.165
20/02/2019,1.300.929
21/02/2019,1.298.811
22/02/2019,1.315.114
25/02/2019,1.351.096
26/02/2019,1.373.527
27/02/2019,1.404.154
28/02/2019,1.403.081
01/03/2019,1.403.592
06/03/2019,1.366.894
07/03/2019,1.305.690
08/03/2019,1.287.055
11/03/2019,1.254.877
12/03/2019,1.257.110
13/03/2019,1.259.051
14/03/2019,1.282.333
15/03/2019,1.285.540
18/03/2019,1.282.623
19/03/2019,1.275.195
20/03/2019,1.269.645
21/03/2019,1.283.588
22/03/2019,1.284.127
25/03/2019,1.292.409
26/03/2019,1.315.215
27/03/2019,1.327.051
28/03/2019,1.331.676
29/03/2019,1.351.521
01/04/2019,1.362.163
03/04/2019,1.349.648
04/04/2019,1.347.035
05/04/2019,1.318.691
08/04/2019,1.288.954
09/04/2019,1.289.677
10/04/2019,1.293.752
11/04/2019,1.302.051
12/04/2019,1.320.660
15/04/2019,1.317.300
16/04/2019,1.308.149
17/04/2019,1.262.097
22/04/2019,1.268.387
23/04/2019,1.287.873
24/04/2019,1.318.021
25/04/2019,1.353.210
26/04/2019,1.418.319
29/04/2019,1.409.917
30/04/2019,1.402.919
02/05/2019,1.397.243
03/05/2019,1.395.528
06/05/2019,1.372.632
07/05/2019,1.371.937
08/05/2019,1.327.565
09/05/2019,1.304.673
10/05/2019,1.287.408
13/05/2019,1.309.257
14/05/2019,1.332.829
15/05/2019,1.349.525
16/05/2019,1.347.129
17/05/2019,1.351.141
20/05/2019,1.338.266
21/05/2019,1.320.460
22/05/2019,1.331.772
23/05/2019,1.345.172
24/05/2019,1.314.985
27/05/2019,1.333.708
28/05/2019,1.341.420
29/05/2019,1.345.789
30/05/2019,1.345.859
31/05/2019,1.356.452
03/06/2019,1.405.000
04/06/2019,1.390.802
05/06/2019,1.348.276
06/06/2019,1.286.790
07/06/2019,1.295.067
10/06/2019,1.300.223
11/06/2019,1.302.666
12/06/2019,1.324.750
13/06/2019,1.319.808
14/06/2019,1.322.922
18/06/2019,1.342.413
19/06/2019,1.345.054
21/06/2019,1.336.895
24/06/2019,1.349.555
25/06/2019,1.366.167
26/06/2019,1.402.446
27/06/2019,1.401.312
28/06/2019,1.375.803
01/07/2019,1.412.781
02/07/2019,1.384.200
03/07/2019,1.325.556
04/07/2019,1.341.260
05/07/2019,1.345.343
10/07/2019,1.339.884
11/07/2019,1.353.919
12/07/2019,1.346.391
15/07/2019,1.373.719
16/07/2019,1.386.471
17/07/2019,1.403.506
18/07/2019,1.425.323
19/07/2019,1.446.054
22/07/2019,1.402.575
23/07/2019,1.420.027
24/07/2019,1.422.786
25/07/2019,1.440.669
26/07/2019,1.417.160
29/07/2019,1.374.922
30/07/2019,1.325.287
31/07/2019,1.339.297
01/08/2019,1.315.810
02/08/2019,1.325.578
05/08/2019,1.351.787
06/08/2019,1.350.016
07/08/2019,1.354.564
08/08/2019,1.356.755
09/08/2019,1.344.749
12/08/2019,1.487.472
13/08/2019,1.466.669
14/08/2019,1.360.913
15/08/2019,1.341.834
16/08/2019,1.253.757
20/08/2019,1.241.085
21/08/2019,1.280.340
22/08/2019,1.293.716
23/08/2019,1.245.525
26/08/2019,1.296.127
27/08/2019,1.242.570
28/08/2019,1.268.686
29/08/2019,1.329.425
30/08/2019,1.296.173
02/09/2019,1.577.889
03/09/2019,1.531.769
04/09/2019,1.496.370
05/09/2019,1.462.572
06/09/2019,1.423.441
09/09/2019,1.330.833
10/09/2019,1.342.159
11/09/2019,1.361.812
12/09/2019,1.351.075
13/09/2019,1.318.984
16/09/2019,1.289.481
17/09/2019,1.302.691
18/09/2019,1.276.898
19/09/2019,1.275.408
20/09/2019,1.292.755
23/09/2019,1.281.486
24/09/2019,1.263.112
25/09/2019,1.279.982
26/09/2019,1.278.059
27/09/2019,1.283.217
30/09/2019,1.310.029
01/10/2019,1.336.755
02/10/2019,1.320.603
03/10/2019,1.332.863
04/10/2019,1.335.443
07/10/2019,1.328.692
08/10/2019,1.320.971
09/10/2019,1.352.486
10/10/2019,1.330.915
11/10/2019,1.363.253
15/10/2019,1.384.731
16/10/2019,1.385.191
17/10/2019,1.384.154
18/10/2019,1.380.938
21/10/2019,1.413.109
22/10/2019,1.428.230
23/10/2019,1.465.536
24/10/2019,1.446.856
25/10/2019,1.487.182
28/10/2019,1.424.542
29/10/2019,1.416.679
30/10/2019,1.453.724
31/10/2019,1.387.243
01/11/2019,1.449.073
04/11/2019,1.438.081
05/11/2019,1.417.718
07/11/2019,1.430.035
08/11/2019,1.462.649
11/11/2019,1.520.708
12/11/2019,1.571.481
13/11/2019,1.583.430
14/11/2019,1.602.091
15/11/2019,1.610.740
19/11/2019,1.605.443
20/11/2019,1.615.596
21/11/2019,1.643.444
22/11/2019,1.655.187
25/11/2019,1.717.844
26/11/2019,1.663.580
27/11/2019,1.667.195
28/11/2019,1.708.845
29/11/2019,1.671.621
02/12/2019,1.659.318
03/12/2019,1.592.292
04/12/2019,1.519.973
05/12/2019,1.544.999
06/12/2019,1.567.291
09/12/2019,1.642.592
10/12/2019,1.722.505
11/12/2019,1.724.751
12/12/2019,1.686.811
13/12/2019,1.671.608
16/12/2019,1.734.333
17/12/2019,1.736.181
18/12/2019,1.767.520
19/12/2019,1.776.689
20/12/2019,1.831.542
23/12/2019,1.896.649
